{
	"credit": "Made by XeKr with Blockbench",
	"parent": "minecraft:block/cross",
	"textures": {
		"1": "block/allium_3d",
		"particle": "block/allium_3d"
	},
	"elements": [
		{
			"from": [7, 0, 12],
			"to": [11, 8, 12],
			"shade": false,
			"rotation": {"angle": 22.5, "axis": "y", "origin": [9, 0, 12]},
			"faces": {
				"north": {"uv": [5, 8, 8, 16], "texture": "#1"},
				"south": {"uv": [5, 8, 8, 16], "texture": "#1"}
			}
		},
		{
			"from": [9, 0, 10],
			"to": [9, 8, 14],
			"shade": false,
			"rotation": {"angle": 22.5, "axis": "y", "origin": [9, 0, 12]},
			"faces": {
				"east": {"uv": [5, 8, 8, 16], "texture": "#1"},
				"west": {"uv": [5, 8, 8, 16], "texture": "#1"}
			}
		},
		{
			"from": [12, 0, 2],
			"to": [12, 6, 6],
			"shade": false,
			"rotation": {"angle": -22.5, "axis": "y", "origin": [12, -2, 4]},
			"faces": {
				"east": {"uv": [5, 8, 8, 14], "texture": "#1"},
				"west": {"uv": [5, 8, 8, 14], "texture": "#1"}
			}
		},
		{
			"from": [10, 0, 4],
			"to": [14, 6, 4],
			"shade": false,
			"rotation": {"angle": -22.5, "axis": "y", "origin": [12, -2, 4]},
			"faces": {
				"north": {"uv": [5, 8, 8, 14], "texture": "#1"},
				"south": {"uv": [5, 8, 8, 14], "texture": "#1"}
			}
		},
		{
			"from": [11.4, 3.9, 3.4],
			"to": [12.6, 5.1, 4.6],
			"shade": false,
			"rotation": {"angle": 22.5, "axis": "y", "origin": [12, 4.5, 4]},
			"faces": {
				"north": {"uv": [10, 2, 11, 3], "texture": "#1"},
				"east": {"uv": [10, 2, 11, 3], "texture": "#1"},
				"south": {"uv": [10, 2, 11, 3], "texture": "#1"},
				"west": {"uv": [10, 2, 11, 3], "texture": "#1"},
				"up": {"uv": [10, 2, 11, 3], "texture": "#1"},
				"down": {"uv": [10, 2, 11, 3], "texture": "#1"}
			}
		},
		{
			"from": [8.4, 5.9, 11.4],
			"to": [9.6, 7.1, 12.6],
			"shade": false,
			"rotation": {"angle": -22.5, "axis": "y", "origin": [9, 6.5, 12]},
			"faces": {
				"north": {"uv": [10, 2, 11, 3], "texture": "#1"},
				"east": {"uv": [10, 2, 11, 3], "texture": "#1"},
				"south": {"uv": [10, 2, 11, 3], "texture": "#1"},
				"west": {"uv": [10, 2, 11, 3], "texture": "#1"},
				"up": {"uv": [10, 2, 11, 3], "texture": "#1"},
				"down": {"uv": [10, 2, 11, 3], "texture": "#1"}
			}
		},
		{
			"from": [2, 0, 5],
			"to": [6, 7, 5],
			"shade": false,
			"rotation": {"angle": 0, "axis": "y", "origin": [4, -1, 5]},
			"faces": {
				"north": {"uv": [5, 8, 8, 15], "texture": "#1"},
				"south": {"uv": [5, 8, 8, 15], "texture": "#1"}
			}
		},
		{
			"from": [4, 0, 3],
			"to": [4, 7, 7],
			"shade": false,
			"rotation": {"angle": 0, "axis": "y", "origin": [4, -1, 5]},
			"faces": {
				"east": {"uv": [5, 8, 8, 15], "texture": "#1"},
				"west": {"uv": [5, 8, 8, 15], "texture": "#1"}
			}
		},
		{
			"from": [3.4, 4.9, 4.4],
			"to": [4.6, 6.1, 5.6],
			"shade": false,
			"rotation": {"angle": 45, "axis": "y", "origin": [4, 5.5, 5]},
			"faces": {
				"north": {"uv": [10, 2, 11, 3], "texture": "#1"},
				"east": {"uv": [10, 2, 11, 3], "texture": "#1"},
				"south": {"uv": [10, 2, 11, 3], "texture": "#1"},
				"west": {"uv": [10, 2, 11, 3], "texture": "#1"},
				"up": {"uv": [10, 2, 11, 3], "rotation": 90, "texture": "#1"},
				"down": {"uv": [10, 2, 11, 3], "rotation": 270, "texture": "#1"}
			}
		},
		{
			"from": [5, 0, 8],
			"to": [11, 12, 8],
			"shade": false,
			"rotation": {"angle": -45, "axis": "y", "origin": [8, -1, 8]},
			"faces": {
				"north": {"uv": [0, 3, 5, 15], "texture": "#1"},
				"south": {"uv": [0, 3, 5, 15], "texture": "#1"}
			}
		},
		{
			"from": [5, 0, 8],
			"to": [11, 12, 8],
			"shade": false,
			"rotation": {"angle": 45, "axis": "y", "origin": [8, -1, 8]},
			"faces": {
				"north": {"uv": [0, 3, 5, 15], "texture": "#1"},
				"south": {"uv": [0, 3, 5, 15], "texture": "#1"}
			}
		},
		{
			"from": [5, 9.5, 6.5],
			"to": [11, 9.5, 9.5],
			"shade": false,
			"rotation": {"angle": -45, "axis": "z", "origin": [8, 9.5, 8]},
			"faces": {
				"up": {"uv": [0, 0, 5, 3], "texture": "#1"},
				"down": {"uv": [0, 0, 5, 3], "rotation": 180, "texture": "#1"}
			}
		},
		{
			"from": [6.4, 7.9, 6.4],
			"to": [9.6, 11.1, 9.6],
			"shade": false,
			"rotation": {"angle": 0, "axis": "y", "origin": [6.5, 8, 6.5]},
			"faces": {
				"north": {"uv": [1, 4, 4, 7], "texture": "#1"},
				"east": {"uv": [1, 4, 4, 7], "texture": "#1"},
				"south": {"uv": [1, 4, 4, 7], "texture": "#1"},
				"west": {"uv": [1, 4, 4, 7], "texture": "#1"},
				"up": {"uv": [1, 4, 4, 7], "texture": "#1"},
				"down": {"uv": [1, 4, 4, 7], "texture": "#1"}
			}
		},
		{
			"from": [8, 6.5, 6.5],
			"to": [8, 12.5, 9.5],
			"shade": false,
			"rotation": {"angle": -45, "axis": "z", "origin": [8, 9.5, 8]},
			"faces": {
				"east": {"uv": [0, 0, 5, 3], "rotation": 90, "texture": "#1"},
				"west": {"uv": [0, 0, 5, 3], "rotation": 270, "texture": "#1"}
			}
		},
		{
			"from": [6.5, 9.5, 5],
			"to": [9.5, 9.5, 11],
			"shade": false,
			"rotation": {"angle": 45, "axis": "x", "origin": [8, 9.5, 8]},
			"faces": {
				"up": {"uv": [0, 0, 5, 3], "rotation": 90, "texture": "#1"},
				"down": {"uv": [0, 0, 5, 3], "rotation": 90, "texture": "#1"}
			}
		},
		{
			"from": [6.5, 6.5, 8],
			"to": [9.5, 12.5, 8],
			"shade": false,
			"rotation": {"angle": 45, "axis": "x", "origin": [8, 9.5, 8]},
			"faces": {
				"north": {"uv": [0, 0, 5, 3], "rotation": 270, "texture": "#1"},
				"south": {"uv": [0, 0, 5, 3], "rotation": 90, "texture": "#1"}
			}
		}
	]
}