{
	"credit": "Made by XeKr with Blockbench",
	"parent": "minecraft:block/cross",
	"textures": {
		"0": "block/cornflower_3d",
		"particle": "block/cornflower_3d"
	},
	"elements": [
		{
			"from": [3, 0, 5],
			"to": [6, 6, 5],
			"shade": false,
			"rotation": {"angle": 22.5, "axis": "y", "origin": [4.5, 0, 5]},
			"faces": {
				"north": {"uv": [5, 6, 8, 12], "texture": "#0"},
				"south": {"uv": [5, 6, 8, 12], "texture": "#0"}
			}
		},
		{
			"from": [4.5, 0, 3.5],
			"to": [4.5, 6, 6.5],
			"shade": false,
			"rotation": {"angle": 22.5, "axis": "y", "origin": [4.5, 0, 5]},
			"faces": {
				"east": {"uv": [5, 6, 8, 12], "texture": "#0"},
				"west": {"uv": [5, 6, 8, 12], "texture": "#0"}
			}
		},
		{
			"from": [3.8, 0, 10],
			"to": [9.2, 9, 10],
			"shade": false,
			"rotation": {"angle": -45, "axis": "y", "origin": [6.5, 0, 10]},
			"faces": {
				"north": {"uv": [0, 5, 5, 14], "texture": "#0"},
				"south": {"uv": [0, 5, 5, 14], "texture": "#0"}
			}
		},
		{
			"from": [6.5, 0, 7.3],
			"to": [6.5, 9, 12.7],
			"shade": false,
			"rotation": {"angle": -45, "axis": "y", "origin": [6.5, 0, 10]},
			"faces": {
				"east": {"uv": [0, 5, 5, 14], "texture": "#0"},
				"west": {"uv": [0, 5, 5, 14], "texture": "#0"}
			}
		},
		{
			"from": [4, 8, 7.5],
			"to": [9, 8, 12.5],
			"rotation": {"angle": 22.5, "axis": "y", "origin": [6.5, 0, 10]},
			"faces": {
				"up": {"uv": [0, 0, 5, 5], "texture": "#0"},
				"down": {"uv": [0, 0, 5, 5], "texture": "#0"}
			}
		},
		{
			"from": [6.5, 6, 7.3],
			"to": [6.5, 9, 12.7],
			"shade": false,
			"rotation": {"angle": 0, "axis": "y", "origin": [6.5, 0, 10]},
			"faces": {
				"east": {"uv": [0, 5, 5, 8], "texture": "#0"},
				"west": {"uv": [0, 5, 5, 8], "texture": "#0"}
			}
		},
		{
			"from": [3.8, 6, 10],
			"to": [9.2, 9, 10],
			"shade": false,
			"rotation": {"angle": 0, "axis": "y", "origin": [6.5, 0, 10]},
			"faces": {
				"north": {"uv": [0, 5, 5, 8], "texture": "#0"},
				"south": {"uv": [0, 5, 5, 8], "texture": "#0"}
			}
		},
		{
			"from": [4, 8.1, 7.5],
			"to": [9, 8.1, 12.5],
			"rotation": {"angle": -22.5, "axis": "y", "origin": [6.5, 0, 10]},
			"faces": {
				"up": {"uv": [5, 0, 10, 5], "rotation": 270, "texture": "#0"},
				"down": {"uv": [5, 0, 10, 5], "rotation": 90, "texture": "#0"}
			}
		},
		{
			"from": [3, 5, 3.5],
			"to": [6, 5, 6.5],
			"rotation": {"angle": 22.5, "axis": "y", "origin": [4.5, 5, 5]},
			"faces": {
				"up": {"uv": [13, 0, 16, 3], "rotation": 270, "texture": "#0"},
				"down": {"uv": [13, 0, 16, 3], "rotation": 90, "texture": "#0"}
			}
		},
		{
			"from": [9, 0, 7],
			"to": [14, 7, 7],
			"shade": false,
			"rotation": {"angle": 0, "axis": "y", "origin": [11.5, 0, 7]},
			"faces": {
				"north": {"uv": [8, 5, 13, 12], "texture": "#0"},
				"south": {"uv": [8, 5, 13, 12], "texture": "#0"}
			}
		},
		{
			"from": [9, 4, 7],
			"to": [14, 7, 7],
			"shade": false,
			"rotation": {"angle": -45, "axis": "y", "origin": [11.5, 4, 7]},
			"faces": {
				"north": {"uv": [8, 5, 13, 8], "texture": "#0"},
				"south": {"uv": [8, 5, 13, 8], "texture": "#0"}
			}
		},
		{
			"from": [11.5, 4, 4.5],
			"to": [11.5, 7, 9.5],
			"shade": false,
			"rotation": {"angle": -45, "axis": "y", "origin": [11.5, 4, 7]},
			"faces": {
				"east": {"uv": [8, 5, 13, 8], "texture": "#0"},
				"west": {"uv": [8, 5, 13, 8], "texture": "#0"}
			}
		},
		{
			"from": [11.5, 0, 4.5],
			"to": [11.5, 7, 9.5],
			"shade": false,
			"rotation": {"angle": 0, "axis": "y", "origin": [11.5, 0, 7]},
			"faces": {
				"east": {"uv": [8, 5, 13, 12], "texture": "#0"},
				"west": {"uv": [8, 5, 13, 12], "texture": "#0"}
			}
		},
		{
			"from": [10, 6.1, 5.5],
			"to": [13, 6.1, 8.5],
			"rotation": {"angle": 45, "axis": "y", "origin": [11.5, 6.1, 7]},
			"faces": {
				"up": {"uv": [10, 0, 13, 3], "rotation": 270, "texture": "#0"},
				"down": {"uv": [10, 0, 13, 3], "rotation": 90, "texture": "#0"}
			}
		},
		{
			"from": [10, 6, 5.5],
			"to": [13, 6, 8.5],
			"rotation": {"angle": 0, "axis": "y", "origin": [11.5, 6, 7]},
			"faces": {
				"up": {"uv": [10, 0, 13, 3], "rotation": 270, "texture": "#0"},
				"down": {"uv": [10, 0, 13, 3], "rotation": 90, "texture": "#0"}
			}
		}
	]
}