{
	"credit": "Made by XeKr with Blockbench",
	"parent": "minecraft:block/cross",
	"textures": {
		"0": "block/dandelion_3d",
		"particle": "block/dandelion_3d"
	},
	"elements": [
		{
			"from": [5.5, 0, 8],
			"to": [10.5, 9, 8],
			"shade": false,
			"rotation": {"angle": -45, "axis": "y", "origin": [8, 0, 8]},
			"faces": {
				"north": {"uv": [0, 7, 5, 16], "texture": "#0"},
				"south": {"uv": [0, 7, 5, 16], "texture": "#0"}
			}
		},
		{
			"from": [8, 0, 5.5],
			"to": [8, 9, 10.5],
			"shade": false,
			"rotation": {"angle": -45, "axis": "y", "origin": [8, 0, 8]},
			"faces": {
				"east": {"uv": [0, 7, 5, 16], "texture": "#0"},
				"west": {"uv": [0, 7, 5, 16], "texture": "#0"}
			}
		},
		{
			"from": [8, 6, 5.5],
			"to": [8, 9, 10.5],
			"shade": false,
			"rotation": {"angle": 0, "axis": "y", "origin": [8, -2, 8]},
			"faces": {
				"east": {"uv": [0, 7, 5, 10], "texture": "#0"},
				"west": {"uv": [0, 7, 5, 10], "texture": "#0"}
			}
		},
		{
			"from": [5.5, 6, 8],
			"to": [10.5, 9, 8],
			"shade": false,
			"rotation": {"angle": 0, "axis": "y", "origin": [8, -2, 8]},
			"faces": {
				"north": {"uv": [0, 7, 5, 10], "texture": "#0"},
				"south": {"uv": [0, 7, 5, 10], "texture": "#0"}
			}
		},
		{
			"from": [5.5, 8, 5.5],
			"to": [10.5, 8, 10.5],
			"rotation": {"angle": 0, "axis": "y", "origin": [8, 8, 8]},
			"faces": {
				"up": {"uv": [9, 0, 16, 7], "texture": "#0"},
				"down": {"uv": [9, 0, 16, 7], "texture": "#0"}
			}
		},
		{
			"from": [7.5, 7.9, 7.5],
			"to": [8.5, 7.9, 8.5],
			"rotation": {"angle": 0, "axis": "y", "origin": [8, 7.9, 8]},
			"faces": {
				"up": {"uv": [2, 8, 3, 9], "texture": "#0"},
				"down": {"uv": [2, 8, 3, 9], "texture": "#0"}
			}
		},
		{
			"from": [5.5, 8.1, 5.5],
			"to": [10.5, 8.1, 10.5],
			"rotation": {"angle": -45, "axis": "y", "origin": [8, 8, 8]},
			"faces": {
				"up": {"uv": [9, 0, 16, 7], "rotation": 270, "texture": "#0"},
				"down": {"uv": [9, 0, 16, 7], "rotation": 90, "texture": "#0"}
			}
		},
		{
			"from": [6, 8.2, 6],
			"to": [10, 8.2, 10],
			"rotation": {"angle": 22.5, "axis": "y", "origin": [8, 8.1, 8]},
			"faces": {
				"up": {"uv": [0, 0, 7, 7], "texture": "#0"},
				"down": {"uv": [0, 0, 7, 7], "texture": "#0"}
			}
		},
		{
			"from": [6, 8.3, 6],
			"to": [10, 8.3, 10],
			"rotation": {"angle": -22.5, "axis": "y", "origin": [8, 8.2, 8]},
			"faces": {
				"up": {"uv": [0, 0, 7, 7], "rotation": 270, "texture": "#0"},
				"down": {"uv": [0, 0, 7, 7], "rotation": 90, "texture": "#0"}
			}
		},
		{
			"from": [5, 0, 8],
			"to": [11, 0, 13],
			"rotation": {"angle": -22.5, "axis": "x", "origin": [8, 0, 8]},
			"faces": {
				"up": {"uv": [11, 10, 16, 16], "rotation": 270, "texture": "#0"},
				"down": {"uv": [11, 10, 16, 16], "rotation": 90, "texture": "#0"}
			}
		},
		{
			"from": [3, 0, 5],
			"to": [8, 0, 11],
			"rotation": {"angle": -22.5, "axis": "z", "origin": [8, 0, 8]},
			"faces": {
				"up": {"uv": [11, 10, 16, 16], "texture": "#0"},
				"down": {"uv": [11, 10, 16, 16], "texture": "#0"}
			}
		},
		{
			"from": [5, 0, 3],
			"to": [11, 0, 8],
			"rotation": {"angle": 22.5, "axis": "x", "origin": [8, 0, 8]},
			"faces": {
				"up": {"uv": [11, 10, 16, 16], "rotation": 90, "texture": "#0"},
				"down": {"uv": [11, 10, 16, 16], "rotation": 270, "texture": "#0"}
			}
		},
		{
			"from": [8, 0, 5],
			"to": [13, 0, 11],
			"rotation": {"angle": 22.5, "axis": "z", "origin": [8, 0, 8]},
			"faces": {
				"up": {"uv": [11, 10, 16, 16], "rotation": 180, "texture": "#0"},
				"down": {"uv": [11, 10, 16, 16], "rotation": 180, "texture": "#0"}
			}
		}
	]
}