{
	"credit": "Made by XeKr with Blockbench",
	"parent": "minecraft:block/cross",
	"textures": {
		"0": "block/lilac_3d",
		"particle": "block/lilac_3d"
	},
	"elements": [
		{
			"from": [7, 0, 8],
			"to": [9, 3, 8],
			"shade": false,
			"rotation": {"angle": 45, "axis": "y", "origin": [8, 8, 8]},
			"faces": {
				"north": {"uv": [0, 0, 2, 3], "texture": "#0"},
				"south": {"uv": [0, 0, 2, 3], "texture": "#0"}
			}
		},
		{
			"from": [8, 0, 7],
			"to": [8, 3, 9],
			"shade": false,
			"rotation": {"angle": 45, "axis": "y", "origin": [8, 8, 8]},
			"faces": {
				"east": {"uv": [0, 0, 2, 3], "texture": "#0"},
				"west": {"uv": [0, 0, 2, 3], "texture": "#0"}
			}
		},
		{
			"from": [8, 0, 4],
			"to": [8, 5, 8],
			"shade": false,
			"rotation": {"angle": -22.5, "axis": "y", "origin": [8, 0, 8]},
			"faces": {
				"east": {"uv": [2, 11, 6, 16], "texture": "#0"},
				"west": {"uv": [6, 11, 2, 16], "texture": "#0"}
			}
		},
		{
			"from": [6.5, 4.5, 0],
			"to": [11.5, 4.5, 6],
			"shade": false,
			"rotation": {"angle": 22.5, "axis": "x", "origin": [9, 4.5, 6]},
			"faces": {
				"up": {"uv": [6, 10, 11, 16], "texture": "#0"},
				"down": {"uv": [6, 16, 11, 10], "texture": "#0"}
			}
		},
		{
			"from": [3.5, -1, 8],
			"to": [13.5, 6, 8],
			"shade": false,
			"rotation": {"angle": 45, "axis": "y", "origin": [8.5, 2.5, 8]},
			"faces": {
				"north": {"uv": [2, 0, 9, 7], "texture": "#0"},
				"south": {"uv": [2, 0, 9, 7], "texture": "#0"}
			}
		},
		{
			"from": [3.5, -1, 8],
			"to": [13.5, 6, 8],
			"shade": false,
			"rotation": {"angle": -45, "axis": "y", "origin": [8.5, 2.5, 8]},
			"faces": {
				"north": {"uv": [2, 0, 9, 7], "texture": "#0"},
				"south": {"uv": [2, 0, 9, 7], "texture": "#0"}
			}
		},
		{
			"from": [5.9, -0.1, 5.4],
			"to": [11.1, 5.1, 10.6],
			"shade": false,
			"rotation": {"angle": 0, "axis": "y", "origin": [8.5, 2.5, 8]},
			"faces": {
				"north": {"uv": [3, 1, 8, 6], "texture": "#0"},
				"east": {"uv": [3, 1, 8, 6], "texture": "#0"},
				"south": {"uv": [3, 1, 8, 6], "texture": "#0"},
				"west": {"uv": [3, 1, 8, 6], "texture": "#0"},
				"up": {"uv": [3, 1, 8, 6], "texture": "#0"},
				"down": {"uv": [3, 1, 8, 6], "texture": "#0"}
			}
		},
		{
			"from": [5, 2.5, 3],
			"to": [12, 2.5, 13],
			"shade": false,
			"rotation": {"angle": 45, "axis": "x", "origin": [8.5, 2.5, 8]},
			"faces": {
				"up": {"uv": [2, 0, 9, 7], "rotation": 90, "texture": "#0"},
				"down": {"uv": [2, 0, 9, 7], "rotation": 90, "texture": "#0"}
			}
		},
		{
			"from": [3.5, 2.5, 4.5],
			"to": [13.5, 2.5, 11.5],
			"shade": false,
			"rotation": {"angle": 45, "axis": "z", "origin": [8.5, 2.5, 8]},
			"faces": {
				"up": {"uv": [2, 0, 9, 7], "rotation": 180, "texture": "#0"},
				"down": {"uv": [2, 0, 9, 7], "texture": "#0"}
			}
		},
		{
			"from": [5, 2.5, 3],
			"to": [12, 2.5, 13],
			"shade": false,
			"rotation": {"angle": -45, "axis": "x", "origin": [8.5, 2.5, 8]},
			"faces": {
				"up": {"uv": [2, 0, 9, 7], "rotation": 270, "texture": "#0"},
				"down": {"uv": [2, 0, 9, 7], "rotation": 270, "texture": "#0"}
			}
		},
		{
			"from": [3.5, 2.5, 4.5],
			"to": [13.5, 2.5, 11.5],
			"shade": false,
			"rotation": {"angle": -45, "axis": "z", "origin": [8.5, 2.5, 8]},
			"faces": {
				"up": {"uv": [2, 0, 9, 7], "texture": "#0"},
				"down": {"uv": [2, 0, 9, 7], "rotation": 180, "texture": "#0"}
			}
		},
		{
			"from": [5.5, 5, 8],
			"to": [11.5, 10, 8],
			"shade": false,
			"rotation": {"angle": -45, "axis": "y", "origin": [8.5, 7.5, 8]},
			"faces": {
				"north": {"uv": [11, 6, 16, 11], "texture": "#0"},
				"south": {"uv": [11, 6, 16, 11], "texture": "#0"}
			}
		},
		{
			"from": [5.5, 5, 8],
			"to": [11.5, 10, 8],
			"shade": false,
			"rotation": {"angle": 45, "axis": "y", "origin": [8.5, 7.5, 8]},
			"faces": {
				"north": {"uv": [11, 6, 16, 11], "texture": "#0"},
				"south": {"uv": [11, 6, 16, 11], "texture": "#0"}
			}
		},
		{
			"from": [6.9, 5.9, 6.4],
			"to": [10.1, 9.1, 9.6],
			"shade": false,
			"rotation": {"angle": 0, "axis": "y", "origin": [8.5, 7.5, 8]},
			"faces": {
				"north": {"uv": [12, 7, 15, 10], "texture": "#0"},
				"east": {"uv": [12, 7, 15, 10], "texture": "#0"},
				"south": {"uv": [12, 7, 15, 10], "texture": "#0"},
				"west": {"uv": [12, 7, 15, 10], "texture": "#0"},
				"up": {"uv": [12, 7, 15, 10], "texture": "#0"},
				"down": {"uv": [12, 7, 15, 10], "texture": "#0"}
			}
		},
		{
			"from": [5.5, 7.5, 5.5],
			"to": [11.5, 7.5, 10.5],
			"shade": false,
			"rotation": {"angle": -45, "axis": "z", "origin": [8.5, 7.5, 8]},
			"faces": {
				"up": {"uv": [11, 6, 16, 11], "texture": "#0"},
				"down": {"uv": [11, 6, 16, 11], "rotation": 180, "texture": "#0"}
			}
		},
		{
			"from": [6, 7.5, 5],
			"to": [11, 7.5, 11],
			"shade": false,
			"rotation": {"angle": 45, "axis": "x", "origin": [8.5, 7.5, 8]},
			"faces": {
				"up": {"uv": [11, 6, 16, 11], "rotation": 90, "texture": "#0"},
				"down": {"uv": [11, 6, 16, 11], "rotation": 90, "texture": "#0"}
			}
		},
		{
			"from": [5.5, 7.5, 5.5],
			"to": [11.5, 7.5, 10.5],
			"shade": false,
			"rotation": {"angle": 45, "axis": "z", "origin": [8.5, 7.5, 8]},
			"faces": {
				"up": {"uv": [11, 6, 16, 11], "rotation": 180, "texture": "#0"},
				"down": {"uv": [11, 6, 16, 11], "texture": "#0"}
			}
		},
		{
			"from": [6, 7.5, 5],
			"to": [11, 7.5, 11],
			"shade": false,
			"rotation": {"angle": -45, "axis": "x", "origin": [8.5, 7.5, 8]},
			"faces": {
				"up": {"uv": [11, 6, 16, 11], "rotation": 270, "texture": "#0"},
				"down": {"uv": [11, 6, 16, 11], "rotation": 270, "texture": "#0"}
			}
		},
		{
			"from": [5, 9, 8],
			"to": [11, 14, 8],
			"shade": false,
			"rotation": {"angle": -45, "axis": "y", "origin": [8, 11.5, 8]},
			"faces": {
				"north": {"uv": [11, 11, 16, 16], "texture": "#0"},
				"south": {"uv": [11, 11, 16, 16], "texture": "#0"}
			}
		},
		{
			"from": [5, 9, 8],
			"to": [11, 14, 8],
			"shade": false,
			"rotation": {"angle": 45, "axis": "y", "origin": [8, 11.5, 8]},
			"faces": {
				"north": {"uv": [11, 11, 16, 16], "texture": "#0"},
				"south": {"uv": [11, 11, 16, 16], "texture": "#0"}
			}
		},
		{
			"from": [6.4, 9.9, 6.4],
			"to": [9.6, 13.1, 9.6],
			"shade": false,
			"rotation": {"angle": 0, "axis": "y", "origin": [8, 11.5, 8]},
			"faces": {
				"north": {"uv": [12, 12, 15, 15], "texture": "#0"},
				"east": {"uv": [12, 12, 15, 15], "texture": "#0"},
				"south": {"uv": [12, 12, 15, 15], "texture": "#0"},
				"west": {"uv": [12, 12, 15, 15], "texture": "#0"},
				"up": {"uv": [12, 12, 15, 15], "texture": "#0"},
				"down": {"uv": [12, 12, 15, 15], "texture": "#0"}
			}
		},
		{
			"from": [5, 11.5, 5.5],
			"to": [11, 11.5, 10.5],
			"shade": false,
			"rotation": {"angle": -45, "axis": "z", "origin": [8, 11.5, 8]},
			"faces": {
				"up": {"uv": [11, 11, 16, 16], "texture": "#0"},
				"down": {"uv": [11, 11, 16, 16], "rotation": 180, "texture": "#0"}
			}
		},
		{
			"from": [5.5, 11.5, 5],
			"to": [10.5, 11.5, 11],
			"shade": false,
			"rotation": {"angle": 45, "axis": "x", "origin": [8, 11.5, 8]},
			"faces": {
				"up": {"uv": [11, 11, 16, 16], "rotation": 90, "texture": "#0"},
				"down": {"uv": [11, 11, 16, 16], "rotation": 90, "texture": "#0"}
			}
		},
		{
			"from": [5, 11.5, 5.5],
			"to": [11, 11.5, 10.5],
			"shade": false,
			"rotation": {"angle": 45, "axis": "z", "origin": [8, 11.5, 8]},
			"faces": {
				"up": {"uv": [11, 11, 16, 16], "rotation": 180, "texture": "#0"},
				"down": {"uv": [11, 11, 16, 16], "texture": "#0"}
			}
		},
		{
			"from": [5.5, 11.5, 5],
			"to": [10.5, 11.5, 11],
			"shade": false,
			"rotation": {"angle": -45, "axis": "x", "origin": [8, 11.5, 8]},
			"faces": {
				"up": {"uv": [11, 11, 16, 16], "rotation": 270, "texture": "#0"},
				"down": {"uv": [11, 11, 16, 16], "rotation": 270, "texture": "#0"}
			}
		},
		{
			"from": [8, 13, 7],
			"to": [8, 16, 11],
			"shade": false,
			"rotation": {"angle": -22.5, "axis": "y", "origin": [8, 14, 9]},
			"faces": {
				"east": {"uv": [13, 0, 16, 3], "texture": "#0"},
				"west": {"uv": [13, 0, 16, 3], "texture": "#0"}
			}
		},
		{
			"from": [6, 13, 9],
			"to": [10, 16, 9],
			"shade": false,
			"rotation": {"angle": -22.5, "axis": "y", "origin": [8, 14, 9]},
			"faces": {
				"north": {"uv": [13, 0, 16, 3], "texture": "#0"},
				"south": {"uv": [13, 0, 16, 3], "texture": "#0"}
			}
		},
		{
			"from": [7.4, 13.9, 8.4],
			"to": [8.6, 15.1, 9.6],
			"shade": false,
			"rotation": {"angle": 22.5, "axis": "y", "origin": [8, 14, 9]},
			"faces": {
				"north": {"uv": [14, 1, 15, 2], "texture": "#0"},
				"east": {"uv": [14, 1, 15, 2], "texture": "#0"},
				"south": {"uv": [14, 1, 15, 2], "texture": "#0"},
				"west": {"uv": [14, 1, 15, 2], "texture": "#0"},
				"up": {"uv": [14, 1, 15, 2], "texture": "#0"},
				"down": {"uv": [14, 1, 15, 2], "texture": "#0"}
			}
		}
	],
	"groups": [
		0,
		1,
		2,
		3,
		{
			"name": "group",
			"origin": [-4, 10.5, 8],
			"color": 0,
			"shade": false,
			"children": [4, 5, 6, 7, 8, 9, 10]
		},
		{
			"name": "group",
			"origin": [-4, 10.5, 8],
			"color": 0,
			"shade": false,
			"children": [11, 12, 13, 14, 15, 16, 17]
		},
		{
			"name": "group",
			"origin": [-4, 10.5, 8],
			"color": 0,
			"shade": false,
			"children": [18, 19, 20, 21, 22, 23, 24]
		},
		{
			"name": "group",
			"origin": [11, 4.5, 5],
			"color": 0,
			"shade": false,
			"children": [25, 26, 27]
		}
	]
}