{
	"credit": "Made by XeKr with Blockbench",
	"ambientocclusion": false,
	"textures": {
		"1": "block/lily_pad_3d1",
		"particle": "block/lily_pad2",
		"texture": "block/lily_pad2"
	},
	"elements": [
		{
			"from": [0, 0.25, 0],
			"to": [16, 0.25, 16],
			"faces": {
				"up": {"uv": [16, 0, 0, 16], "texture": "#texture", "tintindex": 0},
				"down": {"uv": [16, 16, 0, 0], "texture": "#texture", "tintindex": 0}
			}
		},
		{
			"from": [0.5, 0.25, 8],
			"to": [15.5, 7.25, 8],
			"rotation": {"angle": -45, "axis": "y", "origin": [8, 3.75, 8]},
			"faces": {
				"north": {"uv": [0, 8, 15, 15], "texture": "#1"},
				"south": {"uv": [0, 8, 15, 15], "texture": "#1"}
			}
		},
		{
			"from": [0.5, 0.25, 8],
			"to": [15.5, 7.25, 8],
			"rotation": {"angle": 45, "axis": "y", "origin": [8, 3.75, 8]},
			"faces": {
				"north": {"uv": [0, 8, 15, 15], "texture": "#1"},
				"south": {"uv": [0, 8, 15, 15], "texture": "#1"}
			}
		},
		{
			"from": [2.5, 0.25, 0],
			"to": [13.5, 0.25, 8],
			"rotation": {"angle": 22.5, "axis": "x", "origin": [8, 0.25, 8]},
			"faces": {
				"up": {"uv": [2, 0, 13, 8], "texture": "#1"},
				"down": {"uv": [2, 0, 13, 8], "rotation": 180, "texture": "#1"}
			}
		},
		{
			"from": [0, 0.25, 2.5],
			"to": [8, 0.25, 13.5],
			"rotation": {"angle": -22.5, "axis": "z", "origin": [8, 0.25, 8]},
			"faces": {
				"up": {"uv": [2, 0, 13, 8], "rotation": 270, "texture": "#1"},
				"down": {"uv": [2, 0, 13, 8], "rotation": 270, "texture": "#1"}
			}
		},
		{
			"from": [2.5, 0.25, 8],
			"to": [13.5, 0.25, 16],
			"rotation": {"angle": -22.5, "axis": "x", "origin": [8, 0.25, 8]},
			"faces": {
				"up": {"uv": [2, 0, 13, 8], "rotation": 180, "texture": "#1"},
				"down": {"uv": [2, 0, 13, 8], "texture": "#1"}
			}
		},
		{
			"from": [8, 0.25, 2.5],
			"to": [16, 0.25, 13.5],
			"rotation": {"angle": 22.5, "axis": "z", "origin": [8, 0.25, 8]},
			"faces": {
				"up": {"uv": [2, 0, 13, 8], "rotation": 90, "texture": "#1"},
				"down": {"uv": [2, 0, 13, 8], "rotation": 90, "texture": "#1"}
			}
		}
	]
}