{
	"credit": "Made by XeKr with Blockbench",
	"parent": "minecraft:block/cross",
	"textures": {
		"0": "block/lily_of_the_valley_3d",
		"particle": "block/lily_of_the_valley_3d"
	},
	"elements": [
		{
			"from": [8, 0, 8],
			"to": [11, 9, 8],
			"shade": false,
			"rotation": {"angle": -22.5, "axis": "y", "origin": [8, 0, 8]},
			"faces": {
				"north": {"uv": [6, 7, 3, 16], "texture": "#0"},
				"south": {"uv": [3, 7, 6, 16], "texture": "#0"}
			}
		},
		{
			"from": [8, 0, 3],
			"to": [8, 11, 9],
			"shade": false,
			"rotation": {"angle": 45, "axis": "y", "origin": [8, 0, 8]},
			"faces": {
				"east": {"uv": [7, 5, 13, 16], "texture": "#0"},
				"west": {"uv": [13, 5, 7, 16], "texture": "#0"}
			}
		},
		{
			"from": [8, 0, 8],
			"to": [8, 11, 12],
			"shade": false,
			"rotation": {"angle": -22.5, "axis": "y", "origin": [8, 0, 8]},
			"faces": {
				"east": {"uv": [7, 5, 3, 16], "texture": "#0"},
				"west": {"uv": [3, 5, 7, 16], "texture": "#0"}
			}
		},
		{
			"from": [8, 0, 6.5],
			"to": [8, 5, 9.5],
			"shade": false,
			"rotation": {"angle": 22.5, "axis": "z", "origin": [8, 0, 8]},
			"faces": {
				"east": {"uv": [0, 11, 3, 16], "texture": "#0"},
				"west": {"uv": [3, 11, 0, 16], "texture": "#0"}
			}
		},
		{
			"from": [9.62233, 6.08354, 6.5],
			"to": [9.62233, 10.08354, 9.5],
			"shade": false,
			"rotation": {"angle": 45, "axis": "z", "origin": [9.62233, 1.08354, 8]},
			"faces": {
				"east": {"uv": [3, 7, 0, 11], "texture": "#0"},
				"west": {"uv": [0, 7, 3, 11], "texture": "#0"}
			}
		},
		{
			"from": [-1.42639, 4.00313, 6.5],
			"to": [2.57361, 4.00313, 9.5],
			"shade": false,
			"rotation": {"angle": -22.5, "axis": "z", "origin": [11.57361, 4.00313, 8]},
			"faces": {
				"up": {"uv": [3, 3, 0, 7], "rotation": 270, "texture": "#0"},
				"down": {"uv": [0, 3, 3, 7], "rotation": 270, "texture": "#0"}
			}
		},
		{
			"from": [6.5, 0, 8],
			"to": [9.5, 5, 8],
			"shade": false,
			"rotation": {"angle": -22.5, "axis": "x", "origin": [8, 0, 8]},
			"faces": {
				"north": {"uv": [0, 11, 3, 16], "texture": "#0"},
				"south": {"uv": [3, 11, 0, 16], "texture": "#0"}
			}
		},
		{
			"from": [8, 0, 6.5],
			"to": [13, 0, 9.5],
			"shade": false,
			"rotation": {"angle": 22.5, "axis": "z", "origin": [8, 0, 8]},
			"faces": {
				"up": {"uv": [13, 11, 16, 16], "rotation": 90, "texture": "#0"},
				"down": {"uv": [16, 11, 13, 16], "rotation": 90, "texture": "#0"}
			}
		},
		{
			"from": [6.5, 0, 8],
			"to": [9.5, 0, 13],
			"shade": false,
			"rotation": {"angle": -22.5, "axis": "x", "origin": [8, 0, 8]},
			"faces": {
				"up": {"uv": [13, 11, 16, 16], "rotation": 180, "texture": "#0"},
				"down": {"uv": [16, 11, 13, 16], "texture": "#0"}
			}
		},
		{
			"from": [6.5, 6.08354, 9.62233],
			"to": [9.5, 10.08354, 9.62233],
			"shade": false,
			"rotation": {"angle": -45, "axis": "x", "origin": [8, 1.08354, 9.62233]},
			"faces": {
				"north": {"uv": [0, 7, 3, 11], "texture": "#0"},
				"south": {"uv": [3, 7, 0, 11], "texture": "#0"}
			}
		},
		{
			"from": [6.5, 4.00313, -1.42639],
			"to": [9.5, 4.00313, 2.57361],
			"shade": false,
			"rotation": {"angle": 22.5, "axis": "x", "origin": [8, 4.00313, 11.57361]},
			"faces": {
				"up": {"uv": [3, 3, 0, 7], "texture": "#0"},
				"down": {"uv": [0, 3, 3, 7], "rotation": 180, "texture": "#0"}
			}
		},
		{
			"from": [6.5, 8.5, 10.5],
			"to": [7.5, 9.5, 11.5],
			"shade": false,
			"rotation": {"angle": -22.5, "axis": "y", "origin": [7, 9.5, 10.5]},
			"faces": {
				"north": {"uv": [15, 1, 16, 2], "texture": "#0"},
				"east": {"uv": [14, 1, 15, 2], "texture": "#0"},
				"south": {"uv": [15, 1, 16, 2], "texture": "#0"},
				"west": {"uv": [14, 1, 15, 2], "texture": "#0"},
				"up": {"uv": [14, 0, 15, 1], "texture": "#0"}
			}
		},
		{
			"from": [7.5, 9.5, 11.5],
			"to": [6.5, 8.5, 10.5],
			"shade": false,
			"rotation": {"angle": -22.5, "axis": "y", "origin": [7, 9.5, 10.5]},
			"faces": {
				"north": {"uv": [15, 3, 16, 4], "texture": "#0"},
				"east": {"uv": [15, 2, 16, 3], "texture": "#0"},
				"south": {"uv": [15, 3, 16, 4], "texture": "#0"},
				"west": {"uv": [15, 2, 16, 3], "texture": "#0"},
				"down": {"uv": [14, 2, 15, 3], "texture": "#0"}
			}
		},
		{
			"from": [6.6, 6.5, 10.2],
			"to": [7.6, 7.5, 11.2],
			"shade": false,
			"rotation": {"angle": -22.5, "axis": "y", "origin": [7.1, 7.5, 10.2]},
			"faces": {
				"north": {"uv": [15, 1, 16, 2], "texture": "#0"},
				"east": {"uv": [14, 1, 15, 2], "texture": "#0"},
				"south": {"uv": [15, 1, 16, 2], "texture": "#0"},
				"west": {"uv": [14, 1, 15, 2], "texture": "#0"},
				"up": {"uv": [14, 0, 15, 1], "texture": "#0"}
			}
		},
		{
			"from": [7.6, 7.5, 11.2],
			"to": [6.6, 6.5, 10.2],
			"shade": false,
			"rotation": {"angle": -22.5, "axis": "y", "origin": [7.1, 7.5, 10.2]},
			"faces": {
				"north": {"uv": [15, 3, 16, 4], "texture": "#0"},
				"east": {"uv": [15, 2, 16, 3], "texture": "#0"},
				"south": {"uv": [15, 3, 16, 4], "texture": "#0"},
				"west": {"uv": [15, 2, 16, 3], "texture": "#0"},
				"down": {"uv": [14, 2, 15, 3], "texture": "#0"}
			}
		},
		{
			"from": [6.9, 4.5, 9.5],
			"to": [7.9, 5.5, 10.5],
			"shade": false,
			"rotation": {"angle": -22.5, "axis": "y", "origin": [7.4, 5.5, 9.5]},
			"faces": {
				"north": {"uv": [15, 1, 16, 2], "texture": "#0"},
				"east": {"uv": [14, 1, 15, 2], "texture": "#0"},
				"south": {"uv": [15, 1, 16, 2], "texture": "#0"},
				"west": {"uv": [14, 1, 15, 2], "texture": "#0"},
				"up": {"uv": [14, 0, 15, 1], "texture": "#0"}
			}
		},
		{
			"from": [7.9, 5.5, 10.5],
			"to": [6.9, 4.5, 9.5],
			"shade": false,
			"rotation": {"angle": -22.5, "axis": "y", "origin": [7.4, 5.5, 9.5]},
			"faces": {
				"north": {"uv": [15, 3, 16, 4], "texture": "#0"},
				"east": {"uv": [15, 2, 16, 3], "texture": "#0"},
				"south": {"uv": [15, 3, 16, 4], "texture": "#0"},
				"west": {"uv": [15, 2, 16, 3], "texture": "#0"},
				"down": {"uv": [14, 2, 15, 3], "texture": "#0"}
			}
		},
		{
			"from": [7.3, 2.5, 8.5],
			"to": [8.3, 3.5, 9.5],
			"shade": false,
			"rotation": {"angle": -22.5, "axis": "y", "origin": [7.8, 3.5, 8.5]},
			"faces": {
				"north": {"uv": [15, 1, 16, 2], "texture": "#0"},
				"east": {"uv": [14, 1, 15, 2], "texture": "#0"},
				"south": {"uv": [15, 1, 16, 2], "texture": "#0"},
				"west": {"uv": [14, 1, 15, 2], "texture": "#0"},
				"up": {"uv": [14, 0, 15, 1], "texture": "#0"}
			}
		},
		{
			"from": [8.3, 3.5, 9.5],
			"to": [7.3, 2.5, 8.5],
			"shade": false,
			"rotation": {"angle": -22.5, "axis": "y", "origin": [7.8, 3.5, 8.5]},
			"faces": {
				"north": {"uv": [15, 3, 16, 4], "texture": "#0"},
				"east": {"uv": [15, 2, 16, 3], "texture": "#0"},
				"south": {"uv": [15, 3, 16, 4], "texture": "#0"},
				"west": {"uv": [15, 2, 16, 3], "texture": "#0"},
				"down": {"uv": [14, 2, 15, 3], "texture": "#0"}
			}
		},
		{
			"from": [9.8, 2.5, 8.9],
			"to": [8.8, 1.5, 7.9],
			"shade": false,
			"rotation": {"angle": -22.5, "axis": "y", "origin": [8.8, 2.5, 8.4]},
			"faces": {
				"north": {"uv": [15, 2, 16, 3], "texture": "#0"},
				"east": {"uv": [15, 3, 16, 4], "texture": "#0"},
				"south": {"uv": [15, 2, 16, 3], "texture": "#0"},
				"west": {"uv": [15, 3, 16, 4], "texture": "#0"},
				"down": {"uv": [14, 2, 15, 3], "rotation": 90, "texture": "#0"}
			}
		},
		{
			"from": [8.8, 1.5, 7.9],
			"to": [9.8, 2.5, 8.9],
			"shade": false,
			"rotation": {"angle": -22.5, "axis": "y", "origin": [8.8, 2.5, 8.4]},
			"faces": {
				"north": {"uv": [14, 1, 15, 2], "texture": "#0"},
				"east": {"uv": [15, 1, 16, 2], "texture": "#0"},
				"south": {"uv": [14, 1, 15, 2], "texture": "#0"},
				"west": {"uv": [15, 1, 16, 2], "texture": "#0"},
				"up": {"uv": [14, 0, 15, 1], "rotation": 270, "texture": "#0"}
			}
		},
		{
			"from": [10.4, 4.5, 9.1],
			"to": [9.4, 3.5, 8.1],
			"shade": false,
			"rotation": {"angle": -22.5, "axis": "y", "origin": [9.4, 4.5, 8.6]},
			"faces": {
				"north": {"uv": [15, 2, 16, 3], "texture": "#0"},
				"east": {"uv": [15, 3, 16, 4], "texture": "#0"},
				"south": {"uv": [15, 2, 16, 3], "texture": "#0"},
				"west": {"uv": [15, 3, 16, 4], "texture": "#0"},
				"down": {"uv": [14, 2, 15, 3], "rotation": 90, "texture": "#0"}
			}
		},
		{
			"from": [9.4, 3.5, 8.1],
			"to": [10.4, 4.5, 9.1],
			"shade": false,
			"rotation": {"angle": -22.5, "axis": "y", "origin": [9.4, 4.5, 8.6]},
			"faces": {
				"north": {"uv": [14, 1, 15, 2], "texture": "#0"},
				"east": {"uv": [15, 1, 16, 2], "texture": "#0"},
				"south": {"uv": [14, 1, 15, 2], "texture": "#0"},
				"west": {"uv": [15, 1, 16, 2], "texture": "#0"},
				"up": {"uv": [14, 0, 15, 1], "rotation": 270, "texture": "#0"}
			}
		},
		{
			"from": [10.7, 6.5, 9.2],
			"to": [9.7, 5.5, 8.2],
			"shade": false,
			"rotation": {"angle": -22.5, "axis": "y", "origin": [9.7, 6.5, 8.7]},
			"faces": {
				"north": {"uv": [15, 2, 16, 3], "texture": "#0"},
				"east": {"uv": [15, 3, 16, 4], "texture": "#0"},
				"south": {"uv": [15, 2, 16, 3], "texture": "#0"},
				"west": {"uv": [15, 3, 16, 4], "texture": "#0"},
				"down": {"uv": [14, 2, 15, 3], "rotation": 90, "texture": "#0"}
			}
		},
		{
			"from": [9.7, 5.5, 8.2],
			"to": [10.7, 6.5, 9.2],
			"shade": false,
			"rotation": {"angle": -22.5, "axis": "y", "origin": [9.7, 6.5, 8.7]},
			"faces": {
				"north": {"uv": [14, 1, 15, 2], "texture": "#0"},
				"east": {"uv": [15, 1, 16, 2], "texture": "#0"},
				"south": {"uv": [14, 1, 15, 2], "texture": "#0"},
				"west": {"uv": [15, 1, 16, 2], "texture": "#0"},
				"up": {"uv": [14, 0, 15, 1], "rotation": 270, "texture": "#0"}
			}
		},
		{
			"from": [11.6, 8.5, 9.6],
			"to": [10.6, 7.5, 8.6],
			"shade": false,
			"rotation": {"angle": -22.5, "axis": "y", "origin": [10.6, 8.5, 9.1]},
			"faces": {
				"north": {"uv": [15, 2, 16, 3], "texture": "#0"},
				"east": {"uv": [15, 3, 16, 4], "texture": "#0"},
				"south": {"uv": [15, 2, 16, 3], "texture": "#0"},
				"west": {"uv": [15, 3, 16, 4], "texture": "#0"},
				"down": {"uv": [14, 2, 15, 3], "rotation": 90, "texture": "#0"}
			}
		},
		{
			"from": [10.6, 7.5, 8.6],
			"to": [11.6, 8.5, 9.6],
			"shade": false,
			"rotation": {"angle": -22.5, "axis": "y", "origin": [10.6, 8.5, 9.1]},
			"faces": {
				"north": {"uv": [14, 1, 15, 2], "texture": "#0"},
				"east": {"uv": [15, 1, 16, 2], "texture": "#0"},
				"south": {"uv": [14, 1, 15, 2], "texture": "#0"},
				"west": {"uv": [15, 1, 16, 2], "texture": "#0"},
				"up": {"uv": [14, 0, 15, 1], "rotation": 270, "texture": "#0"}
			}
		}
	]
}