{
	"credit": "Made by XeKr with Blockbench",
	"ambientocclusion": false,
	"textures": {
		"1": "block/lily_pad_3d2",
		"particle": "block/lily_pad3",
		"texture": "block/lily_pad3"
	},
	"elements": [
		{
			"from": [0, 0.25, 0],
			"to": [16, 0.25, 16],
			"faces": {
				"up": {"uv": [16, 0, 0, 16], "texture": "#texture", "tintindex": 0},
				"down": {"uv": [16, 16, 0, 0], "texture": "#texture", "tintindex": 0}
			}
		},
		{
			"from": [4, 0.25, 6.5],
			"to": [15, 11.25, 6.5],
			"rotation": {"angle": -45, "axis": "y", "origin": [9.5, 5.75, 6.5]},
			"faces": {
				"north": {"uv": [5, 5, 16, 16], "texture": "#1"},
				"south": {"uv": [5, 5, 16, 16], "texture": "#1"}
			}
		},
		{
			"from": [4, 0.25, 6.5],
			"to": [15, 11.25, 6.5],
			"rotation": {"angle": 45, "axis": "y", "origin": [9.5, 5.75, 6.5]},
			"faces": {
				"north": {"uv": [5, 5, 16, 16], "texture": "#1"},
				"south": {"uv": [5, 5, 16, 16], "texture": "#1"}
			}
		},
		{
			"from": [7, 5.25, -0.5],
			"to": [12, 5.25, 6.5],
			"rotation": {"angle": 22.5, "axis": "x", "origin": [9.5, 5.25, 6.5]},
			"faces": {
				"north": {"uv": [0, 0, 5, 0], "texture": "#missing"},
				"east": {"uv": [0, 0, 7, 0], "texture": "#missing"},
				"south": {"uv": [0, 0, 5, 0], "texture": "#missing"},
				"west": {"uv": [0, 0, 7, 0], "texture": "#missing"},
				"up": {"uv": [0, 9, 5, 16], "texture": "#1"},
				"down": {"uv": [0, 9, 5, 16], "rotation": 180, "texture": "#1"}
			}
		},
		{
			"from": [2.5, 5.25, 4],
			"to": [9.5, 5.25, 9],
			"rotation": {"angle": -22.5, "axis": "z", "origin": [9.5, 5.25, 6.5]},
			"faces": {
				"north": {"uv": [0, 0, 7, 0], "texture": "#missing"},
				"east": {"uv": [0, 0, 5, 0], "texture": "#missing"},
				"south": {"uv": [0, 0, 7, 0], "texture": "#missing"},
				"west": {"uv": [0, 0, 5, 0], "texture": "#missing"},
				"up": {"uv": [0, 9, 5, 16], "rotation": 270, "texture": "#1"},
				"down": {"uv": [0, 9, 5, 16], "rotation": 270, "texture": "#1"}
			}
		},
		{
			"from": [7, 5.25, 6.5],
			"to": [12, 5.25, 13.5],
			"rotation": {"angle": -22.5, "axis": "x", "origin": [9.5, 5.25, 6.5]},
			"faces": {
				"north": {"uv": [0, 0, 5, 0], "texture": "#missing"},
				"east": {"uv": [0, 0, 7, 0], "texture": "#missing"},
				"south": {"uv": [0, 0, 5, 0], "texture": "#missing"},
				"west": {"uv": [0, 0, 7, 0], "texture": "#missing"},
				"up": {"uv": [0, 9, 5, 16], "rotation": 180, "texture": "#1"},
				"down": {"uv": [0, 9, 5, 16], "texture": "#1"}
			}
		},
		{
			"from": [9.5, 5.25, 4],
			"to": [16.5, 5.25, 9],
			"rotation": {"angle": 22.5, "axis": "z", "origin": [9.5, 5.25, 6.5]},
			"faces": {
				"north": {"uv": [0, 0, 7, 0], "texture": "#missing"},
				"east": {"uv": [0, 0, 5, 0], "texture": "#missing"},
				"south": {"uv": [0, 0, 7, 0], "texture": "#missing"},
				"west": {"uv": [0, 0, 5, 0], "texture": "#missing"},
				"up": {"uv": [0, 9, 5, 16], "rotation": 90, "texture": "#1"},
				"down": {"uv": [0, 9, 5, 16], "rotation": 90, "texture": "#1"}
			}
		},
		{
			"from": [1, 0.25, 11],
			"to": [6, 7.25, 11],
			"rotation": {"angle": 45, "axis": "y", "origin": [3.5, 3.75, 11]},
			"faces": {
				"north": {"uv": [0, 1, 5, 8], "texture": "#1"},
				"south": {"uv": [0, 1, 5, 8], "texture": "#1"}
			}
		},
		{
			"from": [1, 0.25, 11],
			"to": [6, 7.25, 11],
			"rotation": {"angle": -45, "axis": "y", "origin": [3.5, 3.75, 11]},
			"faces": {
				"north": {"uv": [0, 1, 5, 8], "texture": "#1"},
				"south": {"uv": [0, 1, 5, 8], "texture": "#1"}
			}
		}
	]
}