{
	"credit": "Made by XeKr with Blockbench",
	"parent": "minecraft:block/cross",
	"textures": {
		"0": "block/peony_3d",
		"particle": "block/peony_3d"
	},
	"elements": [
		{
			"from": [7, 0, 8],
			"to": [9, 16, 8],
			"shade": false,
			"rotation": {"angle": 45, "axis": "y", "origin": [8, 8, 8]},
			"faces": {
				"north": {"uv": [0, 0, 2, 16], "texture": "#0"},
				"south": {"uv": [0, 0, 2, 16], "texture": "#0"}
			}
		},
		{
			"from": [8, 0, 7],
			"to": [8, 16, 9],
			"shade": false,
			"rotation": {"angle": 45, "axis": "y", "origin": [8, 8, 8]},
			"faces": {
				"east": {"uv": [0, 0, 2, 16], "texture": "#0"},
				"west": {"uv": [0, 0, 2, 16], "texture": "#0"}
			}
		},
		{
			"from": [2, 11, 5.5],
			"to": [8, 11, 10.5],
			"shade": false,
			"rotation": {"angle": 22.5, "axis": "z", "origin": [8, 11, 8]},
			"faces": {
				"up": {"uv": [4, 16, 9, 10], "rotation": 90, "texture": "#0"},
				"down": {"uv": [4, 10, 9, 16], "rotation": 270, "texture": "#0"}
			}
		},
		{
			"from": [5.5, 13, 2],
			"to": [10.5, 13, 8],
			"shade": false,
			"rotation": {"angle": -45, "axis": "x", "origin": [8, 13, 8]},
			"faces": {
				"up": {"uv": [4, 16, 9, 10], "rotation": 180, "texture": "#0"},
				"down": {"uv": [4, 10, 9, 16], "rotation": 180, "texture": "#0"}
			}
		},
		{
			"from": [8, 10, 5.5],
			"to": [14, 10, 10.5],
			"shade": false,
			"rotation": {"angle": -22.5, "axis": "z", "origin": [8, 10, 8]},
			"faces": {
				"up": {"uv": [4, 16, 9, 10], "rotation": 270, "texture": "#0"},
				"down": {"uv": [4, 10, 9, 16], "rotation": 90, "texture": "#0"}
			}
		},
		{
			"from": [5.5, 14, 8],
			"to": [10.5, 14, 14],
			"shade": false,
			"rotation": {"angle": 22.5, "axis": "x", "origin": [8, 14, 8]},
			"faces": {
				"up": {"uv": [4, 16, 9, 10], "texture": "#0"},
				"down": {"uv": [4, 10, 9, 16], "texture": "#0"}
			}
		},
		{
			"from": [5.5, 6, 8],
			"to": [10.5, 6, 14],
			"shade": false,
			"rotation": {"angle": 45, "axis": "x", "origin": [8, 6, 8]},
			"faces": {
				"up": {"uv": [4, 16, 9, 10], "texture": "#0"},
				"down": {"uv": [4, 10, 9, 16], "texture": "#0"}
			}
		},
		{
			"from": [5.5, 5, 2],
			"to": [10.5, 5, 8],
			"shade": false,
			"rotation": {"angle": -22.5, "axis": "x", "origin": [8, 5, 8]},
			"faces": {
				"up": {"uv": [4, 16, 9, 10], "rotation": 180, "texture": "#0"},
				"down": {"uv": [4, 10, 9, 16], "rotation": 180, "texture": "#0"}
			}
		},
		{
			"from": [3.5, 0, 2],
			"to": [12.5, 0, 8],
			"shade": false,
			"rotation": {"angle": 22.5, "axis": "x", "origin": [8, 0, 8]},
			"faces": {
				"up": {"uv": [2, 16, 11, 10], "rotation": 180, "texture": "#0"},
				"down": {"uv": [2, 10, 11, 16], "rotation": 180, "texture": "#0"}
			}
		},
		{
			"from": [8, 0, 3.5],
			"to": [14, 0, 12.5],
			"shade": false,
			"rotation": {"angle": 22.5, "axis": "z", "origin": [8, 0, 8]},
			"faces": {
				"up": {"uv": [2, 16, 11, 10], "rotation": 270, "texture": "#0"},
				"down": {"uv": [2, 10, 11, 16], "rotation": 90, "texture": "#0"}
			}
		},
		{
			"from": [3.5, 0, 8],
			"to": [12.5, 0, 14],
			"shade": false,
			"rotation": {"angle": -22.5, "axis": "x", "origin": [8, 0, 8]},
			"faces": {
				"up": {"uv": [2, 16, 11, 10], "texture": "#0"},
				"down": {"uv": [2, 10, 11, 16], "texture": "#0"}
			}
		},
		{
			"from": [2, 0, 3.5],
			"to": [8, 0, 12.5],
			"shade": false,
			"rotation": {"angle": -22.5, "axis": "z", "origin": [8, 0, 8]},
			"faces": {
				"up": {"uv": [2, 16, 11, 10], "rotation": 90, "texture": "#0"},
				"down": {"uv": [2, 10, 11, 16], "rotation": 270, "texture": "#0"}
			}
		},
		{
			"from": [7, 11, 6.5],
			"to": [9, 12, 8.5],
			"shade": false,
			"rotation": {"angle": -45, "axis": "x", "origin": [8, 11, 7.5]},
			"faces": {
				"north": {"uv": [13, 7, 15, 8], "texture": "#0"},
				"east": {"uv": [13, 7, 15, 8], "texture": "#0"},
				"south": {"uv": [13, 7, 15, 8], "texture": "#0"},
				"west": {"uv": [13, 7, 15, 8], "texture": "#0"},
				"down": {"uv": [13, 7, 15, 9], "texture": "#0"}
			}
		},
		{
			"from": [6, 14, 9.5],
			"to": [10, 14.5, 9.5],
			"shade": false,
			"rotation": {"angle": -45, "axis": "x", "origin": [8, 11, 7.5]},
			"faces": {
				"north": {"uv": [4, 0, 8, 1], "texture": "#0"},
				"south": {"uv": [12, 5, 16, 6], "texture": "#0"}
			}
		},
		{
			"from": [10, 14, 5.5],
			"to": [10, 14.5, 8.5],
			"shade": false,
			"rotation": {"angle": -45, "axis": "x", "origin": [8, 11, 7.5]},
			"faces": {
				"east": {"uv": [13, 5, 16, 6], "texture": "#0"},
				"west": {"uv": [4, 0, 7, 1], "texture": "#0"}
			}
		},
		{
			"from": [7, 14, 6.5],
			"to": [7, 14.5, 8.5],
			"shade": false,
			"rotation": {"angle": -45, "axis": "x", "origin": [8, 11, 7.5]},
			"faces": {
				"east": {"uv": [4, 1, 6, 2], "texture": "#0"},
				"west": {"uv": [4, 0, 6, 1], "texture": "#0"}
			}
		},
		{
			"from": [9, 14, 6.5],
			"to": [9, 14.5, 7.5],
			"shade": false,
			"rotation": {"angle": -45, "axis": "x", "origin": [8, 11, 7.5]},
			"faces": {
				"east": {"uv": [4, 0, 5, 1], "texture": "#0"},
				"west": {"uv": [4, 1, 5, 2], "texture": "#0"}
			}
		},
		{
			"from": [6, 14, 5.5],
			"to": [6, 14.5, 9.5],
			"shade": false,
			"rotation": {"angle": -45, "axis": "x", "origin": [8, 11, 7.5]},
			"faces": {
				"east": {"uv": [4, 0, 8, 1], "texture": "#0"},
				"west": {"uv": [12, 5, 16, 6], "texture": "#0"}
			}
		},
		{
			"from": [6, 14, 5.5],
			"to": [10, 14.5, 5.5],
			"shade": false,
			"rotation": {"angle": -45, "axis": "x", "origin": [8, 11, 7.5]},
			"faces": {
				"north": {"uv": [12, 5, 16, 6], "texture": "#0"},
				"south": {"uv": [4, 0, 8, 1], "texture": "#0"}
			}
		},
		{
			"from": [7, 14, 6.5],
			"to": [9, 14.5, 6.5],
			"shade": false,
			"rotation": {"angle": -45, "axis": "x", "origin": [8, 11, 7.5]},
			"faces": {
				"north": {"uv": [4, 0, 6, 1], "texture": "#0"},
				"south": {"uv": [4, 1, 6, 2], "texture": "#0"}
			}
		},
		{
			"from": [8, 14, 7.5],
			"to": [9, 14.5, 7.5],
			"shade": false,
			"rotation": {"angle": -45, "axis": "x", "origin": [8, 11, 7.5]},
			"faces": {
				"north": {"uv": [4, 0, 5, 1], "texture": "#0"},
				"south": {"uv": [4, 0, 5, 1], "texture": "#0"}
			}
		},
		{
			"from": [7, 14, 8.5],
			"to": [10, 14.5, 8.5],
			"shade": false,
			"rotation": {"angle": -45, "axis": "x", "origin": [8, 11, 7.5]},
			"faces": {
				"north": {"uv": [4, 1, 7, 2], "texture": "#0"},
				"south": {"uv": [4, 0, 7, 1], "texture": "#0"}
			}
		},
		{
			"from": [6, 12, 5.5],
			"to": [10, 14, 9.5],
			"shade": false,
			"rotation": {"angle": -45, "axis": "x", "origin": [8, 11, 7.5]},
			"faces": {
				"north": {"uv": [12, 5, 16, 7], "texture": "#0"},
				"east": {"uv": [12, 5, 16, 7], "texture": "#0"},
				"south": {"uv": [12, 5, 16, 7], "texture": "#0"},
				"west": {"uv": [12, 5, 16, 7], "texture": "#0"},
				"up": {"uv": [8, 0, 12, 4], "texture": "#0"},
				"down": {"uv": [12, 9, 16, 13], "texture": "#0"}
			}
		},
		{
			"from": [7, 5, 7.5],
			"to": [9, 6, 9.5],
			"shade": false,
			"rotation": {"angle": 45, "axis": "x", "origin": [8, 5, 8.5]},
			"faces": {
				"north": {"uv": [13, 7, 15, 8], "texture": "#0"},
				"east": {"uv": [13, 7, 15, 8], "texture": "#0"},
				"south": {"uv": [13, 7, 15, 8], "texture": "#0"},
				"west": {"uv": [13, 7, 15, 8], "texture": "#0"},
				"down": {"uv": [13, 7, 15, 9], "rotation": 180, "texture": "#0"}
			}
		},
		{
			"from": [6, 8, 6.5],
			"to": [10, 8.5, 6.5],
			"shade": false,
			"rotation": {"angle": 45, "axis": "x", "origin": [8, 5, 8.5]},
			"faces": {
				"north": {"uv": [12, 5, 16, 6], "texture": "#0"},
				"south": {"uv": [4, 0, 8, 1], "texture": "#0"}
			}
		},
		{
			"from": [6, 8, 7.5],
			"to": [6, 8.5, 10.5],
			"shade": false,
			"rotation": {"angle": 45, "axis": "x", "origin": [8, 5, 8.5]},
			"faces": {
				"east": {"uv": [4, 0, 7, 1], "texture": "#0"},
				"west": {"uv": [13, 5, 16, 6], "texture": "#0"}
			}
		},
		{
			"from": [9, 8, 7.5],
			"to": [9, 8.5, 9.5],
			"shade": false,
			"rotation": {"angle": 45, "axis": "x", "origin": [8, 5, 8.5]},
			"faces": {
				"east": {"uv": [4, 0, 6, 1], "texture": "#0"},
				"west": {"uv": [4, 1, 6, 2], "texture": "#0"}
			}
		},
		{
			"from": [7, 8, 8.5],
			"to": [7, 8.5, 9.5],
			"shade": false,
			"rotation": {"angle": 45, "axis": "x", "origin": [8, 5, 8.5]},
			"faces": {
				"east": {"uv": [4, 1, 5, 2], "texture": "#0"},
				"west": {"uv": [14, 5, 15, 6], "texture": "#0"}
			}
		},
		{
			"from": [10, 8, 6.5],
			"to": [10, 8.5, 10.5],
			"shade": false,
			"rotation": {"angle": 45, "axis": "x", "origin": [8, 5, 8.5]},
			"faces": {
				"east": {"uv": [12, 5, 16, 6], "texture": "#0"},
				"west": {"uv": [4, 0, 8, 1], "texture": "#0"}
			}
		},
		{
			"from": [6, 8, 10.5],
			"to": [10, 8.5, 10.5],
			"shade": false,
			"rotation": {"angle": 45, "axis": "x", "origin": [8, 5, 8.5]},
			"faces": {
				"north": {"uv": [4, 0, 8, 1], "texture": "#0"},
				"south": {"uv": [12, 5, 16, 6], "texture": "#0"}
			}
		},
		{
			"from": [7, 8, 9.5],
			"to": [9, 8.5, 9.5],
			"shade": false,
			"rotation": {"angle": 45, "axis": "x", "origin": [8, 5, 8.5]},
			"faces": {
				"north": {"uv": [4, 1, 6, 2], "texture": "#0"},
				"south": {"uv": [4, 0, 6, 1], "texture": "#0"}
			}
		},
		{
			"from": [7, 8, 8.5],
			"to": [8, 8.5, 8.5],
			"shade": false,
			"rotation": {"angle": 45, "axis": "x", "origin": [8, 5, 8.5]},
			"faces": {
				"north": {"uv": [4, 0, 5, 1], "texture": "#0"},
				"south": {"uv": [4, 0, 5, 1], "texture": "#0"}
			}
		},
		{
			"from": [6, 8, 7.5],
			"to": [9, 8.5, 7.5],
			"shade": false,
			"rotation": {"angle": 45, "axis": "x", "origin": [8, 5, 8.5]},
			"faces": {
				"north": {"uv": [4, 0, 7, 1], "texture": "#0"},
				"south": {"uv": [4, 1, 7, 2], "texture": "#0"}
			}
		},
		{
			"from": [6, 6, 6.5],
			"to": [10, 8, 10.5],
			"shade": false,
			"rotation": {"angle": 45, "axis": "x", "origin": [8, 5, 8.5]},
			"faces": {
				"north": {"uv": [12, 5, 16, 7], "texture": "#0"},
				"east": {"uv": [12, 5, 16, 7], "texture": "#0"},
				"south": {"uv": [12, 5, 16, 7], "texture": "#0"},
				"west": {"uv": [12, 5, 16, 7], "texture": "#0"},
				"up": {"uv": [8, 0, 12, 4], "rotation": 180, "texture": "#0"},
				"down": {"uv": [12, 9, 16, 13], "rotation": 180, "texture": "#0"}
			}
		},
		{
			"from": [7, 13.5, 8],
			"to": [9, 15.5, 11],
			"shade": false,
			"rotation": {"angle": -22.5, "axis": "x", "origin": [8, 14.5, 8]},
			"faces": {
				"north": {"uv": [13, 7, 15, 9], "texture": "#0"},
				"east": {"uv": [13, 5, 15, 8], "rotation": 270, "texture": "#0"},
				"south": {"uv": [4, 5, 6, 7], "rotation": 180, "texture": "#0"},
				"west": {"uv": [13, 5, 15, 8], "rotation": 90, "texture": "#0"},
				"up": {"uv": [13, 5, 15, 8], "rotation": 180, "texture": "#0"},
				"down": {"uv": [13, 5, 15, 8], "texture": "#0"}
			}
		}
	],
	"groups": [
		0,
		1,
		2,
		3,
		4,
		5,
		6,
		7,
		8,
		9,
		10,
		11,
		{
			"name": "group",
			"origin": [8, 7, 8],
			"color": 0,
			"shade": false,
			"children": [12, 13, 14, 15, 16, 17, 18, 19, 20, 21, 22]
		},
		{
			"name": "group",
			"origin": [8, 7, 8],
			"color": 0,
			"shade": false,
			"children": [23, 24, 25, 26, 27, 28, 29, 30, 31, 32, 33]
		},
		34
	]
}