{
	"credit": "Made by XeKr with Blockbench",
	"parent": "minecraft:block/pointed_dripstone",
	"textures": {
		"particle": "block/dripstone_block",
		"side": "block/dripstone_block",
		"end": "block/dripstone_block"
	},
	"elements": [
		{
			"from": [5, 0, 5],
			"to": [11, 16, 11],
			"faces": {
				"north": {"uv": [5, 0, 11, 16], "texture": "#side"},
				"east": {"uv": [5, 0, 11, 16], "texture": "#side"},
				"south": {"uv": [5, 0, 11, 16], "texture": "#side"},
				"west": {"uv": [5, 0, 11, 16], "texture": "#side"},
				"up": {"uv": [5, 5, 11, 11], "texture": "#end"},
				"down": {"uv": [5, 5, 11, 11], "texture": "#end"}
			}
		},
		{
			"from": [3, 14, 3],
			"to": [6, 16, 6],
			"rotation": {"angle": 0, "axis": "y", "origin": [4.5, 10.5, 4.5]},
			"faces": {
				"north": {"uv": [10, 0, 13, 2], "texture": "#side"},
				"east": {"uv": [10, 0, 13, 2], "texture": "#side"},
				"south": {"uv": [3, 0, 6, 2], "texture": "#side"},
				"west": {"uv": [3, 0, 6, 2], "texture": "#side"},
				"up": {"uv": [3, 3, 6, 6], "texture": "#end"},
				"down": {"uv": [3, 10, 6, 13], "texture": "#end"}
			}
		},
		{
			"from": [8, 12, 11],
			"to": [11, 16, 13],
			"rotation": {"angle": 0, "axis": "y", "origin": [9.5, 9.5, 11.5]},
			"faces": {
				"east": {"uv": [3, 0, 5, 4], "texture": "#side"},
				"south": {"uv": [8, 0, 11, 4], "texture": "#side"},
				"west": {"uv": [11, 0, 13, 4], "texture": "#side"},
				"up": {"uv": [8, 11, 11, 13], "texture": "#end"},
				"down": {"uv": [8, 3, 11, 5], "texture": "#end"}
			}
		},
		{
			"from": [11, 0, 8],
			"to": [12, 3, 11],
			"rotation": {"angle": 0, "axis": "y", "origin": [11.5, 2.5, 9.5]},
			"faces": {
				"north": {"uv": [4, 13, 5, 16], "texture": "#side"},
				"east": {"uv": [5, 13, 8, 16], "texture": "#side"},
				"south": {"uv": [11, 13, 12, 16], "texture": "#side"},
				"up": {"uv": [11, 8, 12, 11], "texture": "#end"},
				"down": {"uv": [11, 5, 12, 8], "texture": "#end"}
			}
		},
		{
			"from": [7, 4, 4],
			"to": [9, 10, 5],
			"rotation": {"angle": 0, "axis": "y", "origin": [8, 8, 4.5]},
			"faces": {
				"north": {"uv": [7, 6, 9, 12], "texture": "#side"},
				"east": {"uv": [11, 6, 12, 12], "texture": "#side"},
				"west": {"uv": [4, 6, 5, 12], "texture": "#side"},
				"up": {"uv": [7, 4, 9, 5], "texture": "#end"},
				"down": {"uv": [7, 11, 9, 12], "texture": "#end"}
			}
		},
		{
			"from": [4, 0, 8],
			"to": [5, 6, 10],
			"rotation": {"angle": 0, "axis": "y", "origin": [3, 6, 8.5]},
			"faces": {
				"north": {"uv": [11, 10, 12, 16], "texture": "#side"},
				"south": {"uv": [4, 10, 5, 16], "texture": "#side"},
				"west": {"uv": [8, 10, 10, 16], "texture": "#side"},
				"up": {"uv": [4, 8, 5, 10], "texture": "#end"},
				"down": {"uv": [4, 6, 5, 8], "texture": "#end"}
			}
		},
		{
			"from": [11, 14, 7],
			"to": [13, 16, 9],
			"rotation": {"angle": 0, "axis": "y", "origin": [12, 12, 7.5]},
			"faces": {
				"north": {"uv": [3, 0, 5, 2], "texture": "#side"},
				"east": {"uv": [7, 0, 9, 2], "texture": "#side"},
				"south": {"uv": [11, 0, 13, 2], "texture": "#side"},
				"up": {"uv": [11, 7, 13, 9], "texture": "#end"},
				"down": {"uv": [11, 7, 13, 9], "texture": "#end"}
			}
		}
	]
}