{
	"credit": "Made by XeKr with Blockbench",
	"parent": "minecraft:block/pointed_dripstone",
	"textures": {
		"particle": "block/dripstone_block",
		"side": "block/dripstone_block",
		"end": "block/dripstone_block"
	},
	"elements": [
		{
			"from": [6, 0, 6],
			"to": [10, 8, 10],
			"rotation": {"angle": 0, "axis": "y", "origin": [8, 5.5, 8]},
			"faces": {
				"north": {"uv": [6, 8, 10, 16], "texture": "#side"},
				"east": {"uv": [6, 8, 10, 16], "texture": "#side"},
				"south": {"uv": [6, 8, 10, 16], "texture": "#side"},
				"west": {"uv": [6, 8, 10, 16], "texture": "#side"},
				"up": {"uv": [6, 6, 10, 10], "texture": "#end"},
				"down": {"uv": [6, 6, 10, 10], "texture": "#end"}
			}
		},
		{
			"from": [7, 8, 7],
			"to": [9, 16, 9],
			"rotation": {"angle": 0, "axis": "y", "origin": [8, 16.5, 8]},
			"faces": {
				"north": {"uv": [7, 0, 9, 8], "texture": "#side"},
				"east": {"uv": [7, 0, 9, 8], "texture": "#side"},
				"south": {"uv": [7, 0, 9, 8], "texture": "#side"},
				"west": {"uv": [7, 0, 9, 8], "texture": "#side"},
				"up": {"uv": [7, 7, 9, 9], "texture": "#end"}
			}
		},
		{
			"from": [9, 0, 8],
			"to": [12, 2, 11],
			"rotation": {"angle": 0, "axis": "y", "origin": [11.5, 1.5, 9.5]},
			"faces": {
				"north": {"uv": [4, 14, 7, 16], "texture": "#side"},
				"east": {"uv": [5, 14, 8, 16], "texture": "#side"},
				"south": {"uv": [9, 14, 12, 16], "texture": "#side"},
				"west": {"uv": [8, 14, 11, 16], "texture": "#side"},
				"up": {"uv": [9, 8, 12, 11], "texture": "#end"},
				"down": {"uv": [9, 5, 12, 8], "texture": "#end"}
			}
		},
		{
			"from": [4, 0, 8],
			"to": [6, 1, 10],
			"rotation": {"angle": 0, "axis": "y", "origin": [3, 1, 8.5]},
			"faces": {
				"north": {"uv": [10, 15, 12, 16], "texture": "#side"},
				"south": {"uv": [4, 15, 6, 16], "texture": "#side"},
				"west": {"uv": [8, 15, 10, 16], "texture": "#side"},
				"up": {"uv": [4, 8, 6, 10], "texture": "#end"},
				"down": {"uv": [4, 6, 6, 8], "texture": "#end"}
			}
		},
		{
			"from": [7, 0, 4],
			"to": [9, 1, 6],
			"rotation": {"angle": 0, "axis": "y", "origin": [6, 1, 4.5]},
			"faces": {
				"north": {"uv": [7, 15, 9, 16], "texture": "#side"},
				"east": {"uv": [10, 15, 12, 16], "texture": "#side"},
				"west": {"uv": [4, 15, 6, 16], "texture": "#side"},
				"up": {"uv": [7, 4, 9, 6], "texture": "#end"},
				"down": {"uv": [7, 10, 9, 12], "texture": "#end"}
			}
		}
	]
}