{
	"credit": "Made by XeKr with Blockbench",
	"parent": "minecraft:block/pointed_dripstone",
	"textures": {
		"particle": "block/dripstone_block",
		"side": "block/dripstone_block",
		"end": "block/dripstone_block"
	},
	"elements": [
		{
			"from": [4, 0, 4],
			"to": [12, 16, 12],
			"faces": {
				"north": {"uv": [4, 0, 12, 16], "texture": "#side"},
				"east": {"uv": [4, 0, 12, 16], "texture": "#side"},
				"south": {"uv": [4, 0, 12, 16], "texture": "#side"},
				"west": {"uv": [4, 0, 12, 16], "texture": "#side"},
				"up": {"uv": [4, 4, 12, 12], "texture": "#end"},
				"down": {"uv": [4, 4, 12, 12], "texture": "#end"}
			}
		},
		{
			"from": [3, 0, 10],
			"to": [6, 8, 13],
			"rotation": {"angle": 0, "axis": "y", "origin": [4.5, 2.5, 11.5]},
			"faces": {
				"north": {"uv": [10, 8, 13, 16], "texture": "#side"},
				"east": {"uv": [3, 8, 6, 16], "texture": "#side"},
				"south": {"uv": [3, 8, 6, 16], "texture": "#side"},
				"west": {"uv": [10, 8, 13, 16], "texture": "#side"},
				"up": {"uv": [3, 10, 6, 13], "texture": "#end"},
				"down": {"uv": [3, 3, 6, 6], "texture": "#end"}
			}
		},
		{
			"from": [8, 11, 12],
			"to": [11, 16, 13],
			"rotation": {"angle": 0, "axis": "y", "origin": [9.5, 9.5, 11.5]},
			"faces": {
				"east": {"uv": [3, 0, 4, 5], "texture": "#side"},
				"south": {"uv": [8, 0, 11, 5], "texture": "#side"},
				"west": {"uv": [12, 0, 13, 5], "texture": "#side"},
				"up": {"uv": [8, 12, 11, 13], "texture": "#end"},
				"down": {"uv": [8, 3, 11, 4], "texture": "#end"}
			}
		},
		{
			"from": [12, 0, 5],
			"to": [13, 3, 8],
			"rotation": {"angle": 0, "axis": "y", "origin": [12.5, 2.5, 6.5]},
			"faces": {
				"north": {"uv": [3, 13, 4, 16], "texture": "#side"},
				"east": {"uv": [8, 13, 11, 16], "texture": "#side"},
				"south": {"uv": [12, 13, 13, 16], "texture": "#side"},
				"up": {"uv": [12, 5, 13, 8], "texture": "#end"},
				"down": {"uv": [12, 8, 13, 11], "texture": "#end"}
			}
		},
		{
			"from": [7, 0, 3],
			"to": [9, 6, 4],
			"rotation": {"angle": 0, "axis": "y", "origin": [8, 4, 3.5]},
			"faces": {
				"north": {"uv": [7, 10, 9, 16], "texture": "#side"},
				"east": {"uv": [12, 10, 13, 16], "texture": "#side"},
				"west": {"uv": [3, 10, 4, 16], "texture": "#side"},
				"up": {"uv": [7, 3, 9, 4], "texture": "#end"},
				"down": {"uv": [7, 12, 9, 13], "texture": "#end"}
			}
		},
		{
			"from": [3, 6, 7],
			"to": [4, 16, 9],
			"rotation": {"angle": 0, "axis": "y", "origin": [3, 12, 7.5]},
			"faces": {
				"north": {"uv": [12, 0, 13, 10], "texture": "#side"},
				"south": {"uv": [3, 0, 4, 10], "texture": "#side"},
				"west": {"uv": [7, 0, 9, 10], "texture": "#side"},
				"up": {"uv": [3, 7, 4, 9], "texture": "#end"},
				"down": {"uv": [3, 7, 4, 9], "texture": "#end"}
			}
		},
		{
			"from": [12, 9, 7],
			"to": [13, 16, 9],
			"rotation": {"angle": 0, "axis": "y", "origin": [12, 12, 7.5]},
			"faces": {
				"north": {"uv": [3, 0, 4, 7], "texture": "#side"},
				"east": {"uv": [7, 0, 9, 7], "texture": "#side"},
				"south": {"uv": [12, 0, 13, 7], "texture": "#side"},
				"up": {"uv": [12, 7, 13, 9], "texture": "#end"},
				"down": {"uv": [12, 7, 13, 9], "texture": "#end"}
			}
		}
	]
}