{
	"credit": "Made by XeKr with Blockbench",
	"parent": "minecraft:block/cross",
	"textures": {
		"0": "block/rose_bush_3d",
		"particle": "block/rose_bush_3d"
	},
	"elements": [
		{
			"from": [5.5, 0, 8],
			"to": [10.5, 16, 8],
			"shade": false,
			"rotation": {"angle": 45, "axis": "y", "origin": [8, 8, 8]},
			"faces": {
				"north": {"uv": [0, 0, 5, 16], "texture": "#0"},
				"south": {"uv": [0, 0, 5, 16], "texture": "#0"}
			}
		},
		{
			"from": [8, 0, 5.5],
			"to": [8, 16, 10.5],
			"shade": false,
			"rotation": {"angle": 45, "axis": "y", "origin": [8, 8, 8]},
			"faces": {
				"east": {"uv": [0, 0, 5, 16], "texture": "#0"},
				"west": {"uv": [0, 0, 5, 16], "texture": "#0"}
			}
		},
		{
			"from": [12, 0, 5.5],
			"to": [12, 11, 10.5],
			"shade": false,
			"rotation": {"angle": 45, "axis": "y", "origin": [12, -8, 8]},
			"faces": {
				"east": {"uv": [0, 0, 5, 11], "texture": "#0"},
				"west": {"uv": [0, 0, 5, 11], "texture": "#0"}
			}
		},
		{
			"from": [9.5, 0, 8],
			"to": [14.5, 11, 8],
			"shade": false,
			"rotation": {"angle": 45, "axis": "y", "origin": [12, -8, 8]},
			"faces": {
				"north": {"uv": [0, 0, 5, 11], "texture": "#0"},
				"south": {"uv": [0, 0, 5, 11], "texture": "#0"}
			}
		},
		{
			"from": [8, 0, 1.5],
			"to": [8, 8, 6.5],
			"shade": false,
			"rotation": {"angle": 45, "axis": "y", "origin": [8, -8, 4]},
			"faces": {
				"east": {"uv": [0, 0, 5, 8], "texture": "#0"},
				"west": {"uv": [0, 0, 5, 8], "texture": "#0"}
			}
		},
		{
			"from": [5.5, 0, 4],
			"to": [10.5, 8, 4],
			"shade": false,
			"rotation": {"angle": 45, "axis": "y", "origin": [8, -8, 4]},
			"faces": {
				"north": {"uv": [0, 0, 5, 8], "texture": "#0"},
				"south": {"uv": [0, 0, 5, 8], "texture": "#0"}
			}
		},
		{
			"from": [3, 0, 5.5],
			"to": [3, 11, 10.5],
			"shade": false,
			"rotation": {"angle": 45, "axis": "y", "origin": [3, -8, 8]},
			"faces": {
				"east": {"uv": [0, 0, 5, 11], "texture": "#0"},
				"west": {"uv": [0, 0, 5, 11], "texture": "#0"}
			}
		},
		{
			"from": [0.5, 0, 8],
			"to": [5.5, 11, 8],
			"shade": false,
			"rotation": {"angle": 45, "axis": "y", "origin": [3, -8, 8]},
			"faces": {
				"north": {"uv": [0, 0, 5, 11], "texture": "#0"},
				"south": {"uv": [0, 0, 5, 11], "texture": "#0"}
			}
		},
		{
			"from": [8, 0, 9.5],
			"to": [8, 9, 14.5],
			"shade": false,
			"rotation": {"angle": 45, "axis": "y", "origin": [8, -8, 12]},
			"faces": {
				"east": {"uv": [0, 0, 5, 9], "texture": "#0"},
				"west": {"uv": [0, 0, 5, 9], "texture": "#0"}
			}
		},
		{
			"from": [5.5, 0, 12],
			"to": [10.5, 9, 12],
			"shade": false,
			"rotation": {"angle": 45, "axis": "y", "origin": [8, -8, 12]},
			"faces": {
				"north": {"uv": [0, 0, 5, 9], "texture": "#0"},
				"south": {"uv": [0, 0, 5, 9], "texture": "#0"}
			}
		},
		{
			"from": [9.5, 0, 5],
			"to": [14.5, 16, 5],
			"shade": false,
			"rotation": {"angle": 22.5, "axis": "y", "origin": [12, 8, 5]},
			"faces": {
				"north": {"uv": [0, 0, 5, 16], "texture": "#0"},
				"south": {"uv": [0, 0, 5, 16], "texture": "#0"}
			}
		},
		{
			"from": [12, 0, 2.5],
			"to": [12, 16, 7.5],
			"shade": false,
			"rotation": {"angle": 22.5, "axis": "y", "origin": [12, 8, 5]},
			"faces": {
				"east": {"uv": [0, 0, 5, 16], "texture": "#0"},
				"west": {"uv": [0, 0, 5, 16], "texture": "#0"}
			}
		},
		{
			"from": [11, 0, 9.5],
			"to": [11, 16, 14.5],
			"shade": false,
			"rotation": {"angle": -22.5, "axis": "y", "origin": [11, 8, 12]},
			"faces": {
				"east": {"uv": [0, 0, 5, 16], "texture": "#0"},
				"west": {"uv": [0, 0, 5, 16], "texture": "#0"}
			}
		},
		{
			"from": [8.5, 0, 12],
			"to": [13.5, 16, 12],
			"shade": false,
			"rotation": {"angle": -22.5, "axis": "y", "origin": [11, 8, 12]},
			"faces": {
				"north": {"uv": [0, 0, 5, 16], "texture": "#0"},
				"south": {"uv": [0, 0, 5, 16], "texture": "#0"}
			}
		},
		{
			"from": [4, 0, 8.5],
			"to": [4, 16, 13.5],
			"shade": false,
			"rotation": {"angle": 22.5, "axis": "y", "origin": [4, 8, 11]},
			"faces": {
				"east": {"uv": [0, 0, 5, 16], "texture": "#0"},
				"west": {"uv": [0, 0, 5, 16], "texture": "#0"}
			}
		},
		{
			"from": [1.5, 0, 11],
			"to": [6.5, 16, 11],
			"shade": false,
			"rotation": {"angle": 22.5, "axis": "y", "origin": [4, 8, 11]},
			"faces": {
				"north": {"uv": [0, 0, 5, 16], "texture": "#0"},
				"south": {"uv": [0, 0, 5, 16], "texture": "#0"}
			}
		},
		{
			"from": [5, 0, 1.5],
			"to": [5, 16, 6.5],
			"shade": false,
			"rotation": {"angle": -22.5, "axis": "y", "origin": [5, 8, 4]},
			"faces": {
				"east": {"uv": [0, 0, 5, 16], "texture": "#0"},
				"west": {"uv": [0, 0, 5, 16], "texture": "#0"}
			}
		},
		{
			"from": [2.5, 0, 4],
			"to": [7.5, 16, 4],
			"shade": false,
			"rotation": {"angle": -22.5, "axis": "y", "origin": [5, 8, 4]},
			"faces": {
				"north": {"uv": [0, 0, 5, 16], "texture": "#0"},
				"south": {"uv": [0, 0, 5, 16], "texture": "#0"}
			}
		},
		{
			"from": [4, 0, 2],
			"to": [12, 0, 8],
			"shade": false,
			"rotation": {"angle": 22.5, "axis": "x", "origin": [8, 0, 8]},
			"faces": {
				"up": {"uv": [8, 10, 16, 16], "texture": "#0"},
				"down": {"uv": [8, 16, 16, 10], "texture": "#0"}
			}
		},
		{
			"from": [8, 0, 4],
			"to": [14, 0, 12],
			"shade": false,
			"rotation": {"angle": 22.5, "axis": "z", "origin": [8, 0, 8]},
			"faces": {
				"up": {"uv": [8, 10, 16, 16], "rotation": 90, "texture": "#0"},
				"down": {"uv": [8, 16, 16, 10], "rotation": 270, "texture": "#0"}
			}
		},
		{
			"from": [4, 0, 8],
			"to": [12, 0, 14],
			"shade": false,
			"rotation": {"angle": -22.5, "axis": "x", "origin": [8, 0, 8]},
			"faces": {
				"up": {"uv": [8, 10, 16, 16], "rotation": 180, "texture": "#0"},
				"down": {"uv": [8, 16, 16, 10], "rotation": 180, "texture": "#0"}
			}
		},
		{
			"from": [2, 0, 4],
			"to": [8, 0, 12],
			"shade": false,
			"rotation": {"angle": -22.5, "axis": "z", "origin": [8, 0, 8]},
			"faces": {
				"up": {"uv": [8, 10, 16, 16], "rotation": 270, "texture": "#0"},
				"down": {"uv": [8, 16, 16, 10], "rotation": 90, "texture": "#0"}
			}
		},
		{
			"from": [2, 10, 7],
			"to": [4, 12, 9],
			"shade": false,
			"rotation": {"angle": 22.5, "axis": "z", "origin": [3, 10, 8]},
			"faces": {
				"north": {"uv": [10, 1, 12, 3], "texture": "#0"},
				"east": {"uv": [10, 1, 12, 3], "texture": "#0"},
				"south": {"uv": [10, 1, 12, 3], "texture": "#0"},
				"west": {"uv": [10, 1, 12, 3], "texture": "#0"},
				"up": {"uv": [10, 0, 12, 2], "texture": "#0"},
				"down": {"uv": [10, 2, 12, 4], "texture": "#0"}
			}
		},
		{
			"from": [7, 8, 3],
			"to": [9, 10, 5],
			"shade": false,
			"rotation": {"angle": -22.5, "axis": "x", "origin": [8, 8, 4]},
			"faces": {
				"north": {"uv": [10, 1, 12, 3], "texture": "#0"},
				"east": {"uv": [10, 1, 12, 3], "texture": "#0"},
				"south": {"uv": [10, 1, 12, 3], "texture": "#0"},
				"west": {"uv": [10, 1, 12, 3], "texture": "#0"},
				"up": {"uv": [10, 0, 12, 2], "texture": "#0"},
				"down": {"uv": [10, 2, 12, 4], "texture": "#0"}
			}
		},
		{
			"from": [11, 10, 7],
			"to": [13, 12, 9],
			"shade": false,
			"rotation": {"angle": -22.5, "axis": "z", "origin": [12, 10, 8]},
			"faces": {
				"north": {"uv": [10, 1, 12, 3], "texture": "#0"},
				"east": {"uv": [10, 1, 12, 3], "texture": "#0"},
				"south": {"uv": [10, 1, 12, 3], "texture": "#0"},
				"west": {"uv": [10, 1, 12, 3], "texture": "#0"},
				"up": {"uv": [10, 0, 12, 2], "texture": "#0"},
				"down": {"uv": [10, 2, 12, 4], "texture": "#0"}
			}
		},
		{
			"from": [7, 8, 11],
			"to": [9, 10, 13],
			"shade": false,
			"rotation": {"angle": 22.5, "axis": "x", "origin": [8, 8, 12]},
			"faces": {
				"north": {"uv": [10, 1, 12, 3], "texture": "#0"},
				"east": {"uv": [10, 1, 12, 3], "texture": "#0"},
				"south": {"uv": [10, 1, 12, 3], "texture": "#0"},
				"west": {"uv": [10, 1, 12, 3], "texture": "#0"},
				"up": {"uv": [10, 0, 12, 2], "texture": "#0"},
				"down": {"uv": [10, 2, 12, 4], "texture": "#0"}
			}
		}
	]
}