{
	"credit": "Made by XeKr with Blockbench",
	"parent": "block/block",
	"textures": {
		"1": "block/azalea_leaves_3d1",
		"2": "block/azalea_leaves_3d2",
		"3": "block/azalea_leaves_3d3",
		"particle": "block/azalea_plant",
		"plant": "block/azalea_plant",
		"top": "block/azalea_leaves3",
		"side": "block/azalea_side"
	},
	"elements": [
		{
			"from": [0, 16, 0],
			"to": [16, 16, 16],
			"faces": {
				"up": {"uv": [0, 0, 16, 16], "texture": "#top", "cullface": "up"},
				"down": {"uv": [16, 16, 0, 0], "texture": "#top"}
			}
		},
		{
			"from": [0, 5, 0.125],
			"to": [16, 16, 0.125],
			"rotation": {"angle": 0, "axis": "y", "origin": [8, 8, 8.125]},
			"faces": {
				"north": {"uv": [0, 0, 16, 10], "texture": "#side", "cullface": "north"},
				"south": {"uv": [0, 0, 16, 10], "texture": "#side"}
			}
		},
		{
			"from": [0, 5, 15.875],
			"to": [16, 16, 15.875],
			"rotation": {"angle": 0, "axis": "y", "origin": [8, 8, 7.875]},
			"faces": {
				"north": {"uv": [0, 0, 16, 10], "texture": "#side"},
				"south": {"uv": [0, 0, 16, 10], "texture": "#side", "cullface": "south"}
			}
		},
		{
			"from": [0.125, 5, 0],
			"to": [0.125, 16, 16],
			"rotation": {"angle": 0, "axis": "y", "origin": [8.125, 8, 8]},
			"faces": {
				"east": {"uv": [0, 0, 16, 10], "texture": "#side"},
				"west": {"uv": [16, 0, 0, 10], "texture": "#side", "cullface": "west"}
			}
		},
		{
			"from": [15.875, 5, 0],
			"to": [15.875, 16, 16],
			"rotation": {"angle": 0, "axis": "y", "origin": [7.875, 8, 8]},
			"faces": {
				"east": {"uv": [0, 0, 16, 10], "texture": "#side", "cullface": "east"},
				"west": {"uv": [16, 0, 0, 10], "texture": "#side"}
			}
		},
		{
			"from": [0.8, 0, 8],
			"to": [15.2, 15.8, 8],
			"rotation": {"angle": 45, "axis": "y", "origin": [8, 8, 8], "rescale": true},
			"faces": {
				"north": {"uv": [0, 0, 16, 16], "texture": "#plant"},
				"south": {"uv": [0, 0, 16, 16], "texture": "#plant"}
			}
		},
		{
			"from": [8, 0, 0.8],
			"to": [8, 15.8, 15.2],
			"rotation": {"angle": 45, "axis": "y", "origin": [8, 8, 8], "rescale": true},
			"faces": {
				"east": {"uv": [0, 0, 16, 16], "texture": "#plant"},
				"west": {"uv": [0, 0, 16, 16], "texture": "#plant"}
			}
		},
		{
			"from": [8, 4, -8.5],
			"to": [8, 20, 23.5],
			"rotation": {"angle": -22.5, "axis": "y", "origin": [8, 4, 7.5]},
			"faces": {
				"east": {"uv": [0, 2.5, 16, 10.5], "texture": "#1"},
				"west": {"uv": [0, 2.5, 16, 10.5], "texture": "#1"}
			}
		},
		{
			"from": [-8.5, 4, 8],
			"to": [23.5, 20, 8],
			"rotation": {"angle": -22.5, "axis": "y", "origin": [7.5, 4, 8]},
			"faces": {
				"north": {"uv": [0, 2.5, 16, 10.5], "texture": "#1"},
				"south": {"uv": [0, 2.5, 16, 10.5], "texture": "#1"}
			}
		},
		{
			"from": [-8, 2, 8.5],
			"to": [24, 18, 8.5],
			"rotation": {"angle": 22.5, "axis": "y", "origin": [8, 2, 8.5]},
			"faces": {
				"north": {"uv": [0, 6, 16, 14], "texture": "#2"},
				"south": {"uv": [0, 6, 16, 14], "texture": "#2"}
			}
		},
		{
			"from": [8.5, 2, -8],
			"to": [8.5, 18, 24],
			"rotation": {"angle": 22.5, "axis": "y", "origin": [8.5, 2, 8]},
			"faces": {
				"east": {"uv": [0, 6, 16, 14], "texture": "#2"},
				"west": {"uv": [0, 6, 16, 14], "texture": "#2"}
			}
		},
		{
			"from": [3, 2, 2],
			"to": [19, 10, 2],
			"rotation": {"angle": 45, "axis": "x", "origin": [11, 10, 2]},
			"faces": {
				"north": {"uv": [6, 11, 14, 15], "texture": "#3"},
				"south": {"uv": [6, 11, 14, 15], "texture": "#3"}
			}
		},
		{
			"from": [-3, 8, 2],
			"to": [13, 16, 2],
			"rotation": {"angle": 45, "axis": "x", "origin": [5, 16, 2]},
			"faces": {
				"north": {"uv": [6, 11, 14, 15], "texture": "#3"},
				"south": {"uv": [6, 11, 14, 15], "texture": "#3"}
			}
		},
		{
			"from": [14, 2, 3],
			"to": [14, 10, 19],
			"rotation": {"angle": 45, "axis": "z", "origin": [14, 10, 11]},
			"faces": {
				"east": {"uv": [6, 11, 14, 15], "texture": "#3"},
				"west": {"uv": [6, 11, 14, 15], "texture": "#3"}
			}
		},
		{
			"from": [14, 8, -3],
			"to": [14, 16, 13],
			"rotation": {"angle": 45, "axis": "z", "origin": [14, 16, 5]},
			"faces": {
				"east": {"uv": [6, 11, 14, 15], "texture": "#3"},
				"west": {"uv": [6, 11, 14, 15], "texture": "#3"}
			}
		},
		{
			"from": [-3, 2, 14],
			"to": [13, 10, 14],
			"rotation": {"angle": -45, "axis": "x", "origin": [5, 10, 14]},
			"faces": {
				"north": {"uv": [6, 11, 14, 15], "texture": "#3"},
				"south": {"uv": [6, 11, 14, 15], "texture": "#3"}
			}
		},
		{
			"from": [3, 8, 14],
			"to": [19, 16, 14],
			"rotation": {"angle": -45, "axis": "x", "origin": [11, 16, 14]},
			"faces": {
				"north": {"uv": [6, 11, 14, 15], "texture": "#3"},
				"south": {"uv": [6, 11, 14, 15], "texture": "#3"}
			}
		},
		{
			"from": [2, 2, -3],
			"to": [2, 10, 13],
			"rotation": {"angle": -45, "axis": "z", "origin": [2, 10, 5]},
			"faces": {
				"east": {"uv": [6, 11, 14, 15], "texture": "#3"},
				"west": {"uv": [6, 11, 14, 15], "texture": "#3"}
			}
		},
		{
			"from": [2, 8, 3],
			"to": [2, 16, 19],
			"rotation": {"angle": -45, "axis": "z", "origin": [2, 16, 11]},
			"faces": {
				"east": {"uv": [6, 11, 14, 15], "texture": "#3"},
				"west": {"uv": [6, 11, 14, 15], "texture": "#3"}
			}
		}
	]
}