{
	"credit": "Made by XeKr with Blockbench",
	"ambientocclusion": false,
	"textures": {
		"particle": "block/vine",
		"vine": "block/vine",
		"3d": "block/vine_3d"
	},
	"elements": [
		{
			"from": [0, 0, 0.8],
			"to": [16, 16, 0.8],
			"shade": false,
			"faces": {
				"north": {"uv": [16, 0, 0, 16], "texture": "#vine", "tintindex": 0},
				"south": {"uv": [0, 0, 16, 16], "texture": "#vine", "tintindex": 0}
			}
		},
		{
			"from": [0, -6, 0.7],
			"to": [16, 1, 0.7],
			"shade": false,
			"faces": {
				"north": {"uv": [16, 0, 0, 7], "texture": "#3d", "tintindex": 0},
				"south": {"uv": [0, 0, 16, 7], "texture": "#3d", "tintindex": 0}
			}
		},
		{
			"from": [0, 0, 0.8],
			"to": [3, 3, 0.8],
			"shade": false,
			"rotation": {"angle": -22.5, "axis": "x", "origin": [1.5, 3, 0.8]},
			"faces": {
				"north": {"uv": [3, 8, 0, 11], "texture": "#3d", "tintindex": 0},
				"south": {"uv": [0, 8, 3, 11], "texture": "#3d", "tintindex": 0}
			}
		},
		{
			"from": [4, -1, 0.8],
			"to": [7, 2, 0.8],
			"shade": false,
			"rotation": {"angle": -22.5, "axis": "x", "origin": [5.5, 2, 0.8]},
			"faces": {
				"north": {"uv": [3, 12, 0, 15], "texture": "#3d", "tintindex": 0},
				"south": {"uv": [0, 12, 3, 15], "texture": "#3d", "tintindex": 0}
			}
		},
		{
			"from": [2, 2, 0.8],
			"to": [5, 5, 0.8],
			"shade": false,
			"rotation": {"angle": -22.5, "axis": "x", "origin": [3.5, 5, 0.8]},
			"faces": {
				"north": {"uv": [3, 12, 0, 15], "texture": "#3d", "tintindex": 0},
				"south": {"uv": [0, 12, 3, 15], "texture": "#3d", "tintindex": 0}
			}
		},
		{
			"from": [11, 3, 0.8],
			"to": [14, 6, 0.8],
			"shade": false,
			"rotation": {"angle": -22.5, "axis": "x", "origin": [12.5, 6, 0.8]},
			"faces": {
				"north": {"uv": [3, 12, 0, 15], "texture": "#3d", "tintindex": 0},
				"south": {"uv": [0, 12, 3, 15], "texture": "#3d", "tintindex": 0}
			}
		},
		{
			"from": [12, 0, 0.8],
			"to": [15, 3, 0.8],
			"shade": false,
			"rotation": {"angle": -22.5, "axis": "x", "origin": [13.5, 3, 0.8]},
			"faces": {
				"north": {"uv": [0, 8, 3, 11], "texture": "#3d", "tintindex": 0},
				"south": {"uv": [3, 8, 0, 11], "texture": "#3d", "tintindex": 0}
			}
		},
		{
			"from": [13, 13, 0.8],
			"to": [16, 16, 0.8],
			"shade": false,
			"rotation": {"angle": -22.5, "axis": "x", "origin": [14.5, 16, 0.8]},
			"faces": {
				"north": {"uv": [0, 8, 3, 11], "texture": "#3d", "tintindex": 0},
				"south": {"uv": [3, 8, 0, 11], "texture": "#3d", "tintindex": 0}
			}
		},
		{
			"from": [1, 7, 0.8],
			"to": [4, 10, 0.8],
			"shade": false,
			"rotation": {"angle": -22.5, "axis": "x", "origin": [2.5, 10, 0.8]},
			"faces": {
				"north": {"uv": [3, 8, 0, 11], "texture": "#3d", "tintindex": 0},
				"south": {"uv": [0, 8, 3, 11], "texture": "#3d", "tintindex": 0}
			}
		},
		{
			"from": [7, 13, 0.8],
			"to": [10, 16, 0.8],
			"shade": false,
			"rotation": {"angle": -22.5, "axis": "x", "origin": [8.5, 16, 0.8]},
			"faces": {
				"north": {"uv": [3, 12, 0, 15], "texture": "#3d", "tintindex": 0},
				"south": {"uv": [0, 12, 3, 15], "texture": "#3d", "tintindex": 0}
			}
		},
		{
			"from": [4, 4, 0.8],
			"to": [7, 8, 0.8],
			"shade": false,
			"rotation": {"angle": -22.5, "axis": "x", "origin": [5.5, 8, 0.8]},
			"faces": {
				"north": {"uv": [7, 12, 4, 16], "texture": "#3d", "tintindex": 0},
				"south": {"uv": [4, 12, 7, 16], "texture": "#3d", "tintindex": 0}
			}
		},
		{
			"from": [10, 9, 0.8],
			"to": [13, 13, 0.8],
			"shade": false,
			"rotation": {"angle": -22.5, "axis": "x", "origin": [11.5, 13, 0.8]},
			"faces": {
				"north": {"uv": [7, 12, 4, 16], "texture": "#3d", "tintindex": 0},
				"south": {"uv": [4, 12, 7, 16], "texture": "#3d", "tintindex": 0}
			}
		},
		{
			"from": [7, 6, 0.8],
			"to": [10, 10, 0.8],
			"shade": false,
			"rotation": {"angle": -22.5, "axis": "x", "origin": [8.5, 10, 0.8]},
			"faces": {
				"north": {"uv": [7, 12, 4, 16], "texture": "#3d", "tintindex": 0},
				"south": {"uv": [4, 12, 7, 16], "texture": "#3d", "tintindex": 0}
			}
		},
		{
			"from": [12, 6, 0.8],
			"to": [15, 9, 0.8],
			"shade": false,
			"rotation": {"angle": -22.5, "axis": "x", "origin": [13.5, 9, 0.8]},
			"faces": {
				"north": {"uv": [16, 13, 13, 16], "texture": "#3d"},
				"south": {"uv": [13, 13, 16, 16], "texture": "#3d"}
			}
		},
		{
			"from": [1, 11, 0.8],
			"to": [4, 14, 0.8],
			"shade": false,
			"rotation": {"angle": -22.5, "axis": "x", "origin": [2.5, 14, 0.8]},
			"faces": {
				"north": {"uv": [16, 10, 13, 13], "texture": "#3d"},
				"south": {"uv": [13, 10, 16, 13], "texture": "#3d"}
			}
		},
		{
			"from": [8, 0, 0.8],
			"to": [11, 3, 0.8],
			"shade": false,
			"rotation": {"angle": -22.5, "axis": "x", "origin": [9.5, 3, 0.8]},
			"faces": {
				"north": {"uv": [13, 13, 10, 16], "texture": "#3d"},
				"south": {"uv": [10, 13, 13, 16], "texture": "#3d"}
			}
		}
	]
}