{
	"credit": "Made by XeKr with Blockbench",
	"ambientocclusion": false,
	"textures": {
		"particle": "block/vine",
		"vine": "block/vine",
		"3d": "block/vine_3d"
	},
	"elements": [
		{
			"from": [0, 0, 0.8],
			"to": [16, 16, 0.8],
			"shade": false,
			"faces": {
				"north": {"uv": [16, 0, 0, 16], "texture": "#vine", "tintindex": 0},
				"south": {"uv": [0, 0, 16, 16], "texture": "#vine", "tintindex": 0}
			}
		},
		{
			"from": [0, -6, 0.7],
			"to": [16, 1, 0.7],
			"shade": false,
			"faces": {
				"north": {"uv": [16, 0, 0, 7], "texture": "#3d", "tintindex": 0},
				"south": {"uv": [0, 0, 16, 7], "texture": "#3d", "tintindex": 0}
			}
		},
		{
			"from": [1, 1, 0.8],
			"to": [4, 4, 0.8],
			"shade": false,
			"rotation": {"angle": -22.5, "axis": "x", "origin": [2.5, 4, 0.8]},
			"faces": {
				"north": {"uv": [3, 8, 0, 11], "texture": "#3d", "tintindex": 0},
				"south": {"uv": [0, 8, 3, 11], "texture": "#3d", "tintindex": 0}
			}
		},
		{
			"from": [4, -1, 0.8],
			"to": [7, 2, 0.8],
			"shade": false,
			"rotation": {"angle": -22.5, "axis": "x", "origin": [5.5, 2, 0.8]},
			"faces": {
				"north": {"uv": [3, 12, 0, 15], "texture": "#3d", "tintindex": 0},
				"south": {"uv": [0, 12, 3, 15], "texture": "#3d", "tintindex": 0}
			}
		},
		{
			"from": [5, 2, 0.8],
			"to": [8, 5, 0.8],
			"shade": false,
			"rotation": {"angle": -22.5, "axis": "x", "origin": [6.5, 5, 0.8]},
			"faces": {
				"north": {"uv": [3, 12, 0, 15], "texture": "#3d", "tintindex": 0},
				"south": {"uv": [0, 12, 3, 15], "texture": "#3d", "tintindex": 0}
			}
		},
		{
			"from": [11, 5, 0.8],
			"to": [14, 8, 0.8],
			"shade": false,
			"rotation": {"angle": -22.5, "axis": "x", "origin": [12.5, 8, 0.8]},
			"faces": {
				"north": {"uv": [3, 12, 0, 15], "texture": "#3d", "tintindex": 0},
				"south": {"uv": [0, 12, 3, 15], "texture": "#3d", "tintindex": 0}
			}
		},
		{
			"from": [6, 6, 0.8],
			"to": [9, 9, 0.8],
			"shade": false,
			"rotation": {"angle": -22.5, "axis": "x", "origin": [7.5, 9, 0.8]},
			"faces": {
				"north": {"uv": [3, 12, 0, 15], "texture": "#3d", "tintindex": 0},
				"south": {"uv": [0, 12, 3, 15], "texture": "#3d", "tintindex": 0}
			}
		},
		{
			"from": [4, 8, 0.8],
			"to": [7, 11, 0.8],
			"shade": false,
			"rotation": {"angle": -22.5, "axis": "x", "origin": [5.5, 11, 0.8]},
			"faces": {
				"north": {"uv": [3, 12, 0, 15], "texture": "#3d", "tintindex": 0},
				"south": {"uv": [0, 12, 3, 15], "texture": "#3d", "tintindex": 0}
			}
		},
		{
			"from": [13, 0, 0.8],
			"to": [16, 3, 0.8],
			"shade": false,
			"rotation": {"angle": -22.5, "axis": "x", "origin": [14.5, 3, 0.8]},
			"faces": {
				"north": {"uv": [0, 8, 3, 11], "texture": "#3d", "tintindex": 0},
				"south": {"uv": [3, 8, 0, 11], "texture": "#3d", "tintindex": 0}
			}
		},
		{
			"from": [12, 13, 0.8],
			"to": [15, 16, 0.8],
			"shade": false,
			"rotation": {"angle": -22.5, "axis": "x", "origin": [13.5, 16, 0.8]},
			"faces": {
				"north": {"uv": [0, 8, 3, 11], "texture": "#3d", "tintindex": 0},
				"south": {"uv": [3, 8, 0, 11], "texture": "#3d", "tintindex": 0}
			}
		},
		{
			"from": [0, 8, 0.8],
			"to": [3, 11, 0.8],
			"shade": false,
			"rotation": {"angle": -22.5, "axis": "x", "origin": [1.5, 11, 0.8]},
			"faces": {
				"north": {"uv": [3, 8, 0, 11], "texture": "#3d", "tintindex": 0},
				"south": {"uv": [0, 8, 3, 11], "texture": "#3d", "tintindex": 0}
			}
		},
		{
			"from": [5, 13, 0.8],
			"to": [8, 16, 0.8],
			"shade": false,
			"rotation": {"angle": -22.5, "axis": "x", "origin": [6.5, 16, 0.8]},
			"faces": {
				"north": {"uv": [3, 12, 0, 15], "texture": "#3d", "tintindex": 0},
				"south": {"uv": [0, 12, 3, 15], "texture": "#3d", "tintindex": 0}
			}
		},
		{
			"from": [9, 1, 0.8],
			"to": [12, 5, 0.8],
			"shade": false,
			"rotation": {"angle": -22.5, "axis": "x", "origin": [10.5, 5, 0.8]},
			"faces": {
				"north": {"uv": [7, 12, 4, 16], "texture": "#3d", "tintindex": 0},
				"south": {"uv": [4, 12, 7, 16], "texture": "#3d", "tintindex": 0}
			}
		},
		{
			"from": [10, 8, 0.8],
			"to": [13, 12, 0.8],
			"shade": false,
			"rotation": {"angle": -22.5, "axis": "x", "origin": [11.5, 12, 0.8]},
			"faces": {
				"north": {"uv": [7, 12, 4, 16], "texture": "#3d", "tintindex": 0},
				"south": {"uv": [4, 12, 7, 16], "texture": "#3d", "tintindex": 0}
			}
		},
		{
			"from": [1, 11, 0.8],
			"to": [4, 15, 0.8],
			"shade": false,
			"rotation": {"angle": -22.5, "axis": "x", "origin": [2.5, 15, 0.8]},
			"faces": {
				"north": {"uv": [7, 12, 4, 16], "texture": "#3d", "tintindex": 0},
				"south": {"uv": [4, 12, 7, 16], "texture": "#3d", "tintindex": 0}
			}
		},
		{
			"from": [3, 5, 0.8],
			"to": [6, 8, 0.8],
			"shade": false,
			"rotation": {"angle": -22.5, "axis": "x", "origin": [4.5, 8, 0.8]},
			"faces": {
				"north": {"uv": [16, 10, 13, 13], "texture": "#3d"},
				"south": {"uv": [13, 10, 16, 13], "texture": "#3d"}
			}
		},
		{
			"from": [9, 11, 0.8],
			"to": [12, 14, 0.8],
			"shade": false,
			"rotation": {"angle": -22.5, "axis": "x", "origin": [10.5, 14, 0.8]},
			"faces": {
				"north": {"uv": [16, 13, 13, 16], "texture": "#3d"},
				"south": {"uv": [13, 13, 16, 16], "texture": "#3d"}
			}
		}
	]
}