{
    "ambientocclusion": false,
    "textures": {
		"particle": "block/cauldron_side",
		"top": "block/cauldron_top",
		"bottom": "block/cauldron_bottom",
		"side": "block/cauldron_side",
		"inside": "block/cauldron_inner",
		"texture": "block/black_concrete_powder",
        "water": "block/water_still"
    },
    "elements": [
        {   "from": [ 2, 12, 2 ],
            "to": [ 14, 12, 14 ],
            "faces": {
                "up": { "texture": "#water", "tintindex": 0 }
            }
        },
		{
			"__comment": "Element",
			"from": [ 0, 5, 0 ],
			"to": [ 2, 14, 12 ],
			"faces": {
				"north": { "uv": [ 14, 2, 16, 11 ], "texture": "#side", "cullface": "north" },
				"south": { "uv": [ 0, 2, 2, 11 ], "texture": "#side" },
				"west": { "uv": [ 0, 2, 12, 11 ], "texture": "#side", "cullface": "west" },
				"east": { "uv": [ 0, 2, 12, 11 ], "texture": "#side" }
			}
		},
		{
			"__comment": "Element",
			"from": [ 2, 3, 2 ],
			"to": [ 14, 4, 14 ],
			"faces": {
				"down": { "uv": [ 2, 2, 14, 14 ], "texture": "#inside" },
				"up": { "uv": [ 2, 2, 14, 14 ], "texture": "#inside", "cullface": "up" }
			}
		},
		{
			"__comment": "Element",
			"from": [ 0, 0, 0 ],
			"to": [ 4, 3, 2 ],
			"faces": {
				"down": { "uv": [ 0, 14, 4, 16 ], "texture": "#bottom", "cullface": "down" },
				"up": { "uv": [ 0, 0, 4, 2 ], "texture": "#top" },
				"north": { "uv": [ 12, 13, 16, 16 ], "texture": "#side", "cullface": "north" },
				"south": { "uv": [ 0, 13, 4, 16 ], "texture": "#side" },
				"west": { "uv": [ 0, 13, 2, 16 ], "texture": "#side", "cullface": "west" },
				"east": { "uv": [ 14, 13, 16, 16 ], "texture": "#side" }
			}
		},
		{
			"__comment": "Element",
			"from": [ 0, 0, 2 ],
			"to": [ 2, 3, 4 ],
			"faces": {
				"down": { "uv": [ 0, 12, 2, 14 ], "texture": "#bottom", "cullface": "down" },
				"south": { "uv": [ 0, 13, 2, 16 ], "texture": "#side" },
				"west": { "uv": [ 2, 13, 4, 16 ], "texture": "#side", "cullface": "west" },
				"east": { "uv": [ 12, 13, 14, 16 ], "texture": "#side" }
			}
		},
		{
			"__comment": "Element",
			"from": [ 12, 0, 0 ],
			"to": [ 16, 3, 2 ],
			"faces": {
				"down": { "uv": [ 12, 14, 16, 16 ], "texture": "#bottom", "cullface": "down" },
				"up": { "uv": [ 12, 0, 16, 2 ], "texture": "#top" },
				"north": { "uv": [ 0, 13, 4, 16 ], "texture": "#side", "cullface": "north" },
				"south": { "uv": [ 12, 13, 16, 16 ], "texture": "#side" },
				"west": { "uv": [ 0, 13, 2, 16 ], "texture": "#side" },
				"east": { "uv": [ 14, 13, 16, 16 ], "texture": "#side", "cullface": "east" }
			}
		},
		{
			"__comment": "Element",
			"from": [ 14, 0, 2 ],
			"to": [ 16, 3, 4 ],
			"faces": {
				"down": { "uv": [ 14, 12, 16, 14 ], "texture": "#bottom", "cullface": "down" },
				"south": { "uv": [ 14, 13, 16, 16 ], "texture": "#side" },
				"west": { "uv": [ 2, 13, 4, 16 ], "texture": "#side" },
				"east": { "uv": [ 12, 13, 14, 16 ], "texture": "#side", "cullface": "east" }
			}
		},
		{
			"__comment": "Element",
			"from": [ 0, 0, 14 ],
			"to": [ 4, 3, 16 ],
			"faces": {
				"down": { "uv": [ 0, 0, 4, 2 ], "texture": "#bottom", "cullface": "down" },
				"up": { "uv": [ 0, 14, 4, 16 ], "texture": "#top" },
				"north": { "uv": [ 12, 13, 16, 16 ], "texture": "#side" },
				"south": { "uv": [ 0, 13, 4, 16 ], "texture": "#side", "cullface": "south" },
				"west": { "uv": [ 14, 13, 16, 16 ], "texture": "#side", "cullface": "west" },
				"east": { "uv": [ 0, 13, 2, 16 ], "texture": "#side" }
			}
		},
		{
			"__comment": "Element",
			"from": [ 0, 0, 12 ],
			"to": [ 2, 3, 14 ],
			"faces": {
				"down": { "uv": [ 0, 2, 2, 4 ], "texture": "#bottom", "cullface": "down" },
				"north": { "uv": [ 14, 13, 16, 16 ], "texture": "#side" },
				"west": { "uv": [ 12, 13, 14, 16 ], "texture": "#side", "cullface": "west" },
				"east": { "uv": [ 2, 13, 4, 16 ], "texture": "#side" }
			}
		},
		{
			"__comment": "Element",
			"from": [ 12, 0, 14 ],
			"to": [ 16, 3, 16 ],
			"faces": {
				"down": { "uv": [ 12, 0, 16, 2 ], "texture": "#bottom", "cullface": "down" },
				"up": { "uv": [ 12, 14, 16, 16 ], "texture": "#top" },
				"north": { "uv": [ 0, 13, 4, 16 ], "texture": "#side" },
				"south": { "uv": [ 12, 13, 16, 16 ], "texture": "#side", "cullface": "south" },
				"west": { "uv": [ 14, 13, 16, 16 ], "texture": "#side" },
				"east": { "uv": [ 0, 13, 2, 16 ], "texture": "#side", "cullface": "east" }
			}
		},
		{
			"__comment": "Element",
			"from": [ 14, 0, 12 ],
			"to": [ 16, 3, 14 ],
			"faces": {
				"down": { "uv": [ 14, 2, 16, 4 ], "texture": "#bottom", "cullface": "down" },
				"north": { "uv": [ 0, 13, 2, 16 ], "texture": "#side" },
				"west": { "uv": [ 12, 13, 14, 16 ], "texture": "#side" },
				"east": { "uv": [ 2, 13, 4, 16 ], "texture": "#side", "cullface": "east" }
			}
		},
		{
			"__comment": "Element",
			"from": [ 14, 14, 0 ],
			"to": [ 16, 16, 16 ],
			"faces": {
				"down": { "uv": [ 14, 0, 16, 16 ], "texture": "#inside" },
				"up": { "uv": [ 14, 0, 16, 16 ], "texture": "#top", "cullface": "up" },
				"north": { "uv": [ 0, 0, 2, 2 ], "texture": "#side", "cullface": "north" },
				"south": { "uv": [ 14, 0, 16, 2 ], "texture": "#side", "cullface": "south" },
				"west": { "uv": [ 0, 0, 16, 2 ], "texture": "#side" },
				"east": { "uv": [ 0, 0, 16, 2 ], "texture": "#side", "cullface": "east" }
			}
		},
		{
			"__comment": "Element",
			"from": [ 2, 14, 0 ],
			"to": [ 14, 16, 2 ],
			"faces": {
				"down": { "uv": [ 2, 14, 14, 16 ], "texture": "#inside" },
				"up": { "uv": [ 2, 0, 14, 2 ], "texture": "#top", "cullface": "up" },
				"north": { "uv": [ 2, 0, 14, 2 ], "texture": "#side", "cullface": "north" },
				"south": { "uv": [ 2, 0, 14, 2 ], "texture": "#side" }
			}
		},
		{
			"__comment": "Element",
			"from": [ 2, 14, 14 ],
			"to": [ 14, 16, 16 ],
			"faces": {
				"down": { "uv": [ 2, 0, 14, 2 ], "texture": "#inside" },
				"up": { "uv": [ 2, 14, 14, 16 ], "texture": "#top", "cullface": "up" },
				"north": { "uv": [ 2, 0, 14, 2 ], "texture": "#side" },
				"south": { "uv": [ 2, 0, 14, 2 ], "texture": "#side", "cullface": "south" }
			}
		},
		{
			"__comment": "Element",
			"from": [ 0, 14, 0 ],
			"to": [ 2, 16, 16 ],
			"faces": {
				"down": { "uv": [ 0, 0, 2, 16 ], "texture": "#inside" },
				"up": { "uv": [ 0, 0, 2, 16 ], "texture": "#top", "cullface": "up" },
				"north": { "uv": [ 14, 0, 16, 2 ], "texture": "#side", "cullface": "north" },
				"south": { "uv": [ 0, 0, 2, 2 ], "texture": "#side", "cullface": "south" },
				"west": { "uv": [ 0, 0, 16, 2 ], "texture": "#side", "cullface": "west" },
				"east": { "uv": [ 0, 0, 16, 2 ], "texture": "#side" }
			}
		},
		{
			"__comment": "Element",
			"from": [ 0, 3, 0 ],
			"to": [ 2, 5, 16 ],
			"faces": {
				"down": { "uv": [ 0, 0, 2, 16 ], "texture": "#inside" },
				"up": { "uv": [ 0, 0, 2, 16 ], "texture": "#top" },
				"north": { "uv": [ 14, 11, 16, 13 ], "texture": "#side", "cullface": "north" },
				"south": { "uv": [ 0, 11, 2, 13 ], "texture": "#side", "cullface": "south" },
				"west": { "uv": [ 0, 11, 16, 13 ], "texture": "#side", "cullface": "west" },
				"east": { "uv": [ 0, 11, 16, 13 ], "texture": "#side" }
			}
		},
		{
			"__comment": "Element",
			"from": [ 2, 3, 14 ],
			"to": [ 14, 5, 16 ],
			"faces": {
				"down": { "uv": [ 2, 0, 14, 2 ], "texture": "#inside" },
				"up": { "uv": [ 2, 14, 14, 16 ], "texture": "#top" },
				"north": { "uv": [ 2, 11, 14, 13 ], "texture": "#side" },
				"south": { "uv": [ 2, 11, 14, 13 ], "texture": "#side", "cullface": "south" }
			}
		},
		{
			"__comment": "Element",
			"from": [ 14, 3, 0 ],
			"to": [ 16, 5, 16 ],
			"faces": {
				"down": { "uv": [ 14, 0, 16, 16 ], "texture": "#inside" },
				"up": { "uv": [ 14, 0, 16, 16 ], "texture": "#top" },
				"north": { "uv": [ 0, 11, 2, 13 ], "texture": "#side", "cullface": "north" },
				"south": { "uv": [ 14, 11, 16, 13 ], "texture": "#side", "cullface": "south" },
				"west": { "uv": [ 0, 11, 16, 13 ], "texture": "#side" },
				"east": { "uv": [ 0, 11, 16, 13 ], "texture": "#side", "cullface": "east" }
			}
		},
		{
			"__comment": "Element",
			"from": [ 2, 3, 0 ],
			"to": [ 14, 5, 2 ],
			"faces": {
				"down": { "uv": [ 2, 14, 14, 16 ], "texture": "#inside" },
				"up": { "uv": [ 2, 0, 14, 2 ], "texture": "#top" },
				"north": { "uv": [ 2, 11, 14, 13 ], "texture": "#side", "cullface": "north" },
				"south": { "uv": [ 2, 11, 14, 13 ], "texture": "#side" }
			}
		},
		{
			"__comment": "Element",
			"from": [ 4, 5, 0 ],
			"to": [ 16, 14, 2 ],
			"faces": {
				"down": { "uv": [ 0, 0, 2, 16 ], "texture": "#inside", "rotation": 270 },
				"up": { "uv": [ 0, 0, 2, 16 ], "texture": "#top", "cullface": "up", "rotation": 90 },
				"north": { "uv": [ 0, 2, 12, 11 ], "texture": "#side", "cullface": "north" },
				"south": { "uv": [ 0, 2, 12, 11 ], "texture": "#side" },
				"west": { "uv": [ 0, 2, 2, 11 ], "texture": "#side" },
				"east": { "uv": [ 14, 2, 16, 11 ], "texture": "#side", "cullface": "east" }
			}
		},
		{
			"__comment": "Element",
			"from": [ 0, 5, 14 ],
			"to": [ 12, 14, 16 ],
			"faces": {
				"down": { "uv": [ 0, 0, 2, 16 ], "texture": "#inside", "rotation": 90 },
				"up": { "uv": [ 0, 0, 2, 16 ], "texture": "#top", "cullface": "up", "rotation": 270 },
				"north": { "uv": [ 0, 2, 12, 11 ], "texture": "#side" },
				"south": { "uv": [ 0, 2, 12, 11 ], "texture": "#side", "cullface": "south" },
				"west": { "uv": [ 14, 2, 16, 11 ], "texture": "#side" },
				"east": { "uv": [ 0, 2, 2, 11 ], "texture": "#side", "cullface": "south" }
			}
		},
		{
			"__comment": "Element",
			"from": [ 14, 5, 4 ],
			"to": [ 16, 14, 16 ],
			"faces": {
				"north": { "uv": [ 0, 2, 2, 11 ], "texture": "#side" },
				"south": { "uv": [ 14, 2, 16, 11 ], "texture": "#side", "cullface": "south" },
				"west": { "uv": [ 0, 2, 12, 11 ], "texture": "#side" },
				"east": { "uv": [ 0, 2, 12, 11 ], "texture": "#side", "cullface": "east" }
			}
		},
		{
			"__comment": "l1",
			"from": [ 2, 5, 1 ],
			"to": [ 4, 8, 2 ],
			"faces": {
				"north": { "uv": [ 12, 8, 14, 11 ], "texture": "#water", "tintindex": 0 },
				"south": { "uv": [ 2, 8, 4, 11 ], "texture": "#water", "tintindex": 0 }
			}
		},
		{
			"__comment": "l1",
			"from": [ 0.9999, 5, 12 ],
			"to": [ 1.9999, 8, 14 ],
			"faces": {
				"west": { "uv": [ 12, 8, 14, 11 ], "texture": "#water", "tintindex": 0 },
				"east": { "uv": [ 2, 8, 4, 11 ], "texture": "#water", "tintindex": 0 }
			}
		},
		{
			"__comment": "l1",
			"from": [ 12, 5, 14 ],
			"to": [ 14, 8, 15 ],
			"faces": {
				"north": { "uv": [ 2, 8, 4, 11 ], "texture": "#water", "tintindex": 0 },
				"south": { "uv": [ 12, 8, 14, 11 ], "texture": "#water", "tintindex": 0 }
			}
		},
		{
			"__comment": "l1",
			"from": [ 14, 5, 2 ],
			"to": [ 15, 8, 4 ],
			"faces": {
				"west": { "uv": [ 2, 8, 4, 11 ], "texture": "#water", "tintindex": 0 },
				"east": { "uv": [ 12, 8, 14, 11 ], "texture": "#water", "tintindex": 0 }
			}
		},
		{
			"__comment": "l1",
			"from": [ 5, 2.75, 4 ],
			"to": [ 11, 3, 6 ],
			"faces": {
				"down": { "uv": [ 5, 10, 11, 12 ], "texture": "#water", "tintindex": 0 },
				"north": { "uv": [ 5, 13, 11, 13.25 ], "texture": "#water", "tintindex": 0 },
				"south": { "uv": [ 5, 13, 11, 13.25 ], "texture": "#water", "tintindex": 0 },
				"west": { "uv": [ 4, 13, 6, 13.25 ], "texture": "#water", "tintindex": 0 },
				"east": { "uv": [ 10, 13, 12, 13.25 ], "texture": "#water", "tintindex": 0 }
			}
		},
		{
			"__comment": "l2",
			"from": [ 2, 8, 1 ],
			"to": [ 4, 11, 2 ],
			"faces": {
				"north": { "uv": [ 12, 5, 14, 8 ], "texture": "#water", "tintindex": 0 },
				"south": { "uv": [ 2, 5, 4, 8 ], "texture": "#water", "tintindex": 0 }
			}
		},
		{
			"__comment": "l2",
			"from": [ 0.9999, 8, 12 ],
			"to": [ 1.9999, 11, 14 ],
			"faces": {
				"west": { "uv": [ 12, 5, 14, 8 ], "texture": "#water", "tintindex": 0 },
				"east": { "uv": [ 2, 5, 4, 8 ], "texture": "#water", "tintindex": 0 }
			}
		},
		{
			"__comment": "l2",
			"from": [ 12, 8, 14 ],
			"to": [ 14, 11, 15 ],
			"faces": {
				"north": { "uv": [ 2, 5, 4, 8 ], "texture": "#water", "tintindex": 0 },
				"south": { "uv": [ 12, 5, 14, 8 ], "texture": "#water", "tintindex": 0 }
			}
		},
		{
			"__comment": "l2",
			"from": [ 14, 8, 2 ],
			"to": [ 15, 11, 4 ],
			"faces": {
				"west": { "uv": [ 2, 5, 4, 8 ], "texture": "#water", "tintindex": 0 },
				"east": { "uv": [ 12, 5, 14, 8 ], "texture": "#water", "tintindex": 0 }
			}
		},
		{
			"__comment": "l2",
			"from": [ 5, 2.75, 7 ],
			"to": [ 11, 3, 9 ],
			"faces": {
				"down": { "uv": [ 5, 7, 11, 9 ], "texture": "#water", "tintindex": 0 },
				"north": { "uv": [ 5, 13.25, 11, 13.5 ], "texture": "#water", "tintindex": 0 },
				"south": { "uv": [ 5, 13.25, 11, 13.5 ], "texture": "#water", "tintindex": 0 },
				"west": { "uv": [ 7, 13.25, 9, 13.5 ], "texture": "#water", "tintindex": 0 },
				"east": { "uv": [ 7, 13.25, 9, 13.5 ], "texture": "#water", "tintindex": 0 }
			}
		},
		{
			"__comment": "l3",
			"from": [ 2, 11, 1 ],
			"to": [ 4, 14, 2 ],
			"faces": {
				"north": { "uv": [ 12, 2, 14, 5 ], "texture": "#texture" },
				"south": { "uv": [ 2, 2, 4, 5 ], "texture": "#texture" }
			}
		},
		{
			"__comment": "l3",
			"from": [ 0.9999, 11, 12 ],
			"to": [ 1.9999, 14, 14 ],
			"faces": {
				"west": { "uv": [ 12, 2, 14, 5 ], "texture": "#texture" },
				"east": { "uv": [ 2, 2, 4, 5 ], "texture": "#texture" }
			}
		},
		{
			"__comment": "l3",
			"from": [ 12, 11, 14 ],
			"to": [ 14, 14, 15 ],
			"faces": {
				"north": { "uv": [ 2, 2, 4, 5 ], "texture": "#texture" },
				"south": { "uv": [ 12, 2, 14, 5 ], "texture": "#texture" }
			}
		},
		{
			"__comment": "l3",
			"from": [ 14, 11, 2 ],
			"to": [ 15, 14, 4 ],
			"faces": {
				"west": { "uv": [ 2, 2, 4, 5 ], "texture": "#texture" },
				"east": { "uv": [ 12, 2, 14, 5 ], "texture": "#texture" }
			}
		},
		{
			"__comment": "l3",
			"from": [ 5, 2.75, 10 ],
			"to": [ 11, 3, 12 ],
			"faces": {
				"down": { "uv": [ 5, 4, 11, 6 ], "texture": "#texture" },
				"north": { "uv": [ 5, 13.25, 11, 13.5 ], "texture": "#texture" },
				"south": { "uv": [ 5, 13.25, 11, 13.5 ], "texture": "#texture" },
				"west": { "uv": [ 10, 13.25, 12, 13.5 ], "texture": "#texture" },
				"east": { "uv": [ 4, 13.25, 6, 13.5 ], "texture": "#texture" }
			}
		}
	]
}