{
	"__comment": "Designed by XeKr with Cubik Studio - https://cubik.studio",
	"textures": {
		"particle": "blocks/e_particle",
		"texture": "blocks/e_texture",
		"sign": "block/yellow_terracotta"
	},
	"elements": [ 	 
		{
			"__comment": "Box1",
			"from": [ 0.25, 0.25, 0.25 ],
			"to": [ 15.75, 15.75, 15.75 ],
			"faces": {
				"down": { "uv": [ 0.25, 0.25, 15.75, 15.75 ], "texture": "#texture" },
				"up": { "uv": [ 15.75, 15.75, 0.25, 0.25 ], "texture": "#texture" },
				"north": { "uv": [ 15.75, 15.75, 0.25, 0.25 ], "texture": "#texture" },
				"south": { "uv": [ 0.25, 0.25, 15.75, 15.75 ], "texture": "#texture" },
				"west": { "uv": [ 0.25, 0.25, 15.75, 15.75 ], "texture": "#texture", "rotation": 90 },
				"east": { "uv": [ 0.25, 0.25, 15.75, 15.75 ], "texture": "#texture", "rotation": 270 }
			}
		},
		{
			"__comment": "Box2",
			"from": [ 3, 11, 15.75 ],
			"to": [ 6, 13, 16 ],
			"faces": {
				"down": { "uv": [ 3, 0, 6, 0.25 ], "texture": "#sign" },
				"up": { "uv": [ 13, 0.25, 10, 0 ], "texture": "#sign" },
				"south": { "uv": [ 3, 3, 6, 5 ], "texture": "#sign" },
				"west": { "uv": [ 3, 0, 5, 0.25 ], "texture": "#sign", "rotation": 90 },
				"east": { "uv": [ 11, 0, 13, 0.25 ], "texture": "#sign", "rotation": 270 }
			}
		},
		{
			"__comment": "Box2",
			"from": [ 3, 5, 15.75 ],
			"to": [ 5, 11, 16 ],
			"faces": {
				"south": { "uv": [ 3, 5, 5, 11 ], "texture": "#sign" },
				"west": { "uv": [ 5, 0, 11, 0.25 ], "texture": "#sign", "rotation": 90 },
				"east": { "uv": [ 5, 0, 11, 0.25 ], "texture": "#sign", "rotation": 270 }
			}
		},
		{
			"__comment": "Box2",
			"from": [ 3, 3, 15.75 ],
			"to": [ 13, 5, 16 ],
			"faces": {
				"down": { "uv": [ 3, 0, 13, 0.25 ], "texture": "#sign" },
				"up": { "uv": [ 13, 0.25, 3, 0 ], "texture": "#sign" },
				"south": { "uv": [ 3, 11, 13, 13 ], "texture": "#sign" },
				"west": { "uv": [ 11, 0, 13, 0.25 ], "texture": "#sign", "rotation": 90 },
				"east": { "uv": [ 3, 0, 5, 0.25 ], "texture": "#sign", "rotation": 270 }
			}
		},
		{
			"__comment": "Box2",
			"from": [ 11, 5, 15.75 ],
			"to": [ 13, 11, 16 ],
			"faces": {
				"south": { "uv": [ 11, 5, 13, 11 ], "texture": "#sign" },
				"west": { "uv": [ 5, 0, 11, 0.25 ], "texture": "#sign", "rotation": 90 },
				"east": { "uv": [ 5, 0, 11, 0.25 ], "texture": "#sign", "rotation": 270 }
			}
		},
		{
			"__comment": "Box2",
			"from": [ 10, 11, 15.75 ],
			"to": [ 13, 13, 16 ],
			"faces": {
				"down": { "uv": [ 10, 0, 13, 0.25 ], "texture": "#sign" },
				"up": { "uv": [ 6, 0.25, 3, 0 ], "texture": "#sign" },
				"south": { "uv": [ 10, 3, 13, 5 ], "texture": "#sign" },
				"west": { "uv": [ 3, 0, 5, 0.25 ], "texture": "#sign", "rotation": 90 },
				"east": { "uv": [ 11, 0, 13, 0.25 ], "texture": "#sign", "rotation": 270 }
			}
		},
		{
			"__comment": "Box2",
			"from": [ 0, 11, 3 ],
			"to": [ 0.25, 13, 6 ],
			"faces": {
				"down": { "uv": [ 9.75, 0, 12.75, 0.25 ], "texture": "#sign", "rotation": 90 },
				"up": { "uv": [ 6.25, 0.25, 3.25, 0 ], "texture": "#sign", "rotation": 270 },
				"north": { "uv": [ 13, 0.25, 11, 0 ], "texture": "#sign", "rotation": 90 },
				"south": { "uv": [ 5, 0.25, 3, 0 ], "texture": "#sign", "rotation": 270 },
				"west": { "uv": [ 9.75, 11, 12.75, 13 ], "texture": "#sign", "rotation": 180 }
			}
		},
		{
			"__comment": "Box2",
			"from": [ 0, 5, 3 ],
			"to": [ 0.25, 11, 5 ],
			"faces": {
				"north": { "uv": [ 11, 0.25, 5, 0 ], "texture": "#sign", "rotation": 90 },
				"south": { "uv": [ 11, 0.25, 5, 0 ], "texture": "#sign", "rotation": 270 },
				"west": { "uv": [ 11, 5, 13, 11 ], "texture": "#sign", "rotation": 180 }
			}
		},
		{
			"__comment": "Box2",
			"from": [ 0, 3, 3 ],
			"to": [ 0.25, 5, 13 ],
			"faces": {
				"down": { "uv": [ 3, 0, 13, 0.25 ], "texture": "#sign", "rotation": 90 },
				"up": { "uv": [ 13, 0.25, 3, 0 ], "texture": "#sign", "rotation": 270 },
				"north": { "uv": [ 5, 0.25, 3, 0 ], "texture": "#sign", "rotation": 90 },
				"south": { "uv": [ 13, 0.25, 11, 0 ], "texture": "#sign", "rotation": 270 },
				"west": { "uv": [ 3, 3, 13, 5 ], "texture": "#sign", "rotation": 180 }
			}
		},
		{
			"__comment": "Box2",
			"from": [ 0, 5, 11 ],
			"to": [ 0.25, 11, 13 ],
			"faces": {
				"north": { "uv": [ 11, 0.25, 5, 0 ], "texture": "#sign", "rotation": 90 },
				"south": { "uv": [ 11, 0.25, 5, 0 ], "texture": "#sign", "rotation": 270 },
				"west": { "uv": [ 3, 5, 5, 11 ], "texture": "#sign", "rotation": 180 }
			}
		},
		{
			"__comment": "Box2",
			"from": [ 0, 11, 10 ],
			"to": [ 0.25, 13, 13 ],
			"faces": {
				"down": { "uv": [ 3, 0, 6, 0.25 ], "texture": "#sign", "rotation": 90 },
				"up": { "uv": [ 13, 0.25, 10, 0 ], "texture": "#sign", "rotation": 270 },
				"north": { "uv": [ 13, 0.25, 11, 0 ], "texture": "#sign", "rotation": 90 },
				"south": { "uv": [ 5, 0.25, 3, 0 ], "texture": "#sign", "rotation": 270 },
				"west": { "uv": [ 3, 11, 6, 13 ], "texture": "#sign", "rotation": 180 }
			}
		},
		{
			"__comment": "Box2",
			"from": [ 15.75, 11, 3 ],
			"to": [ 16, 13, 6 ],
			"faces": {
				"down": { "uv": [ 9.75, 0, 12.75, 0.25 ], "texture": "#sign", "rotation": 90 },
				"up": { "uv": [ 6.25, 0.25, 3.25, 0 ], "texture": "#sign", "rotation": 270 },
				"north": { "uv": [ 13, 0.25, 11, 0 ], "texture": "#sign", "rotation": 90 },
				"south": { "uv": [ 5, 0.25, 3, 0 ], "texture": "#sign", "rotation": 270 },
				"east": { "uv": [ 12.75, 5, 9.75, 3 ], "texture": "#sign", "rotation": 180 }
			}
		},
		{
			"__comment": "Box2",
			"from": [ 15.75, 5, 3 ],
			"to": [ 16, 11, 5 ],
			"faces": {
				"north": { "uv": [ 11, 0.25, 5, 0 ], "texture": "#sign", "rotation": 90 },
				"south": { "uv": [ 11, 0.25, 5, 0 ], "texture": "#sign", "rotation": 270 },
				"east": { "uv": [ 13, 11, 11, 5 ], "texture": "#sign", "rotation": 180 }
			}
		},
		{
			"__comment": "Box2",
			"from": [ 15.75, 3, 3 ],
			"to": [ 16, 5, 13 ],
			"faces": {
				"down": { "uv": [ 3, 0, 13, 0.25 ], "texture": "#sign", "rotation": 90 },
				"up": { "uv": [ 13, 0.25, 3, 0 ], "texture": "#sign", "rotation": 270 },
				"north": { "uv": [ 5, 0.25, 3, 0 ], "texture": "#sign", "rotation": 90 },
				"south": { "uv": [ 13, 0.25, 11, 0 ], "texture": "#sign", "rotation": 270 },
				"east": { "uv": [ 13, 13, 3, 11 ], "texture": "#sign", "rotation": 180 }
			}
		},
		{
			"__comment": "Box2",
			"from": [ 15.75, 5, 11 ],
			"to": [ 16, 11, 13 ],
			"faces": {
				"north": { "uv": [ 11, 0.25, 5, 0 ], "texture": "#sign", "rotation": 90 },
				"south": { "uv": [ 11, 0.25, 5, 0 ], "texture": "#sign", "rotation": 270 },
				"east": { "uv": [ 5, 11, 3, 5 ], "texture": "#sign", "rotation": 180 }
			}
		},
		{
			"__comment": "Box2",
			"from": [ 15.75, 11, 10 ],
			"to": [ 16, 13, 13 ],
			"faces": {
				"down": { "uv": [ 3, 0, 6, 0.25 ], "texture": "#sign", "rotation": 90 },
				"up": { "uv": [ 13, 0.25, 10, 0 ], "texture": "#sign", "rotation": 270 },
				"north": { "uv": [ 13, 0.25, 11, 0 ], "texture": "#sign", "rotation": 90 },
				"south": { "uv": [ 5, 0.25, 3, 0 ], "texture": "#sign", "rotation": 270 },
				"east": { "uv": [ 6, 5, 3, 3 ], "texture": "#sign", "rotation": 180 }
			}
		},
		{
			"__comment": "Box2",
			"from": [ 3, 3, 0 ],
			"to": [ 13, 5, 0.25 ],
			"faces": {
				"down": { "uv": [ 3, 15.75, 13, 16 ], "texture": "#sign" },
				"up": { "uv": [ 13, 16, 3, 15.75 ], "texture": "#sign" },
				"north": { "uv": [ 13, 5, 3, 3 ], "texture": "#sign" },
				"west": { "uv": [ 11, 15.75, 13, 16 ], "texture": "#sign", "rotation": 90 },
				"east": { "uv": [ 3, 15.75, 5, 16 ], "texture": "#sign", "rotation": 270 }
			}
		},
		{
			"__comment": "Box2",
			"from": [ 3, 5, 0 ],
			"to": [ 5, 11, 0.25 ],
			"faces": {
				"north": { "uv": [ 5, 11, 3, 5 ], "texture": "#sign" },
				"west": { "uv": [ 5, 15.75, 11, 16 ], "texture": "#sign", "rotation": 90 },
				"east": { "uv": [ 5, 15.75, 11, 16 ], "texture": "#sign", "rotation": 270 }
			}
		},
		{
			"__comment": "Box2",
			"from": [ 11, 5, 0 ],
			"to": [ 13, 11, 0.25 ],
			"faces": {
				"north": { "uv": [ 13, 11, 11, 5 ], "texture": "#sign" },
				"west": { "uv": [ 5, 15.75, 11, 16 ], "texture": "#sign", "rotation": 90 },
				"east": { "uv": [ 5, 15.75, 11, 16 ], "texture": "#sign", "rotation": 270 }
			}
		},
		{
			"__comment": "Box2",
			"from": [ 3, 11, 0 ],
			"to": [ 6, 13, 0.25 ],
			"faces": {
				"down": { "uv": [ 3, 15.75, 6, 16 ], "texture": "#sign" },
				"up": { "uv": [ 13, 16, 10, 15.75 ], "texture": "#sign" },
				"north": { "uv": [ 6, 13, 3, 11 ], "texture": "#sign" },
				"west": { "uv": [ 3, 15.75, 5, 16 ], "texture": "#sign", "rotation": 90 },
				"east": { "uv": [ 11, 15.75, 13, 16 ], "texture": "#sign", "rotation": 270 }
			}
		},
		{
			"__comment": "Box2",
			"from": [ 10, 11, 0 ],
			"to": [ 13, 13, 0.25 ],
			"faces": {
				"down": { "uv": [ 10, 15.75, 13, 16 ], "texture": "#sign" },
				"up": { "uv": [ 6, 16, 3, 15.75 ], "texture": "#sign" },
				"north": { "uv": [ 13, 13, 10, 11 ], "texture": "#sign" },
				"west": { "uv": [ 3, 15.75, 5, 16 ], "texture": "#sign", "rotation": 90 },
				"east": { "uv": [ 11, 15.75, 13, 16 ], "texture": "#sign", "rotation": 270 }
			}
		},
		{
			"__comment": "Box22",
			"from": [ 7, 15.75, 1 ],
			"to": [ 9, 16, 2 ],
			"faces": {
				"up": { "uv": [ 7, 1, 9, 2 ], "texture": "#sign" },
				"north": { "uv": [ 7, 0, 9, 0.25 ], "texture": "#sign" },
				"south": { "uv": [ 7, 0, 9, 0.25 ], "texture": "#sign" },
				"west": { "uv": [ 1, 0, 2, 0.25 ], "texture": "#sign" },
				"east": { "uv": [ 14, 0, 15, 0.25 ], "texture": "#sign" }
			}
		},
		{
			"__comment": "Box22",
			"from": [ 7, 15.75, 14 ],
			"to": [ 9, 16, 15 ],
			"faces": {
				"up": { "uv": [ 7, 14, 9, 15 ], "texture": "#sign" },
				"north": { "uv": [ 7, 0, 9, 0.25 ], "texture": "#sign" },
				"south": { "uv": [ 7, 0, 9, 0.25 ], "texture": "#sign" },
				"west": { "uv": [ 14, 0, 15, 0.25 ], "texture": "#sign" },
				"east": { "uv": [ 1, 0, 2, 0.25 ], "texture": "#sign" }
			}
		},
		{
			"__comment": "Box22",
			"from": [ 1, 15.75, 7 ],
			"to": [ 2, 16, 9 ],
			"faces": {
				"up": { "uv": [ 7, 1, 9, 2 ], "texture": "#sign", "rotation": 270 },
				"north": { "uv": [ 14, 0, 15, 0.25 ], "texture": "#sign" },
				"south": { "uv": [ 1, 0, 2, 0.25 ], "texture": "#sign" },
				"west": { "uv": [ 7, 0, 9, 0.25 ], "texture": "#sign" },
				"east": { "uv": [ 7, 0, 9, 0.25 ], "texture": "#sign" }
			}
		},
		{
			"__comment": "Box22",
			"from": [ 14, 15.75, 7 ],
			"to": [ 15, 16, 9 ],
			"faces": {
				"up": { "uv": [ 7, 1, 9, 2 ], "texture": "#sign", "rotation": 270 },
				"north": { "uv": [ 14, 0, 15, 0.25 ], "texture": "#sign" },
				"south": { "uv": [ 1, 0, 2, 0.25 ], "texture": "#sign" },
				"west": { "uv": [ 7, 0, 9, 0.25 ], "texture": "#sign" },
				"east": { "uv": [ 7, 0, 9, 0.25 ], "texture": "#sign" }
			}
		},
		{
			"__comment": "Box22",
			"from": [ 7, 0, 14 ],
			"to": [ 9, 0.25, 15 ],
			"faces": {
				"down": { "uv": [ 7, 1, 9, 2 ], "texture": "#sign" },
				"north": { "uv": [ 9, 2, 7, 1.75 ], "texture": "#sign" },
				"south": { "uv": [ 9, 2, 7, 1.75 ], "texture": "#sign" },
				"west": { "uv": [ 1, 1.75, 2, 2 ], "texture": "#sign", "rotation": 180 },
				"east": { "uv": [ 14, 1.75, 15, 2 ], "texture": "#sign", "rotation": 180 }
			}
		},
		{
			"__comment": "Box22",
			"from": [ 7, -0.0001, 0.9999 ],
			"to": [ 9, 0.2499, 1.9999 ],
			"faces": {
				"down": { "uv": [ 7, 14, 9, 15 ], "texture": "#sign" },
				"north": { "uv": [ 9, 0.25, 7, 0 ], "texture": "#sign" },
				"south": { "uv": [ 9, 0.25, 7, 0 ], "texture": "#sign" },
				"west": { "uv": [ 14, 0, 15, 0.25 ], "texture": "#sign", "rotation": 180 },
				"east": { "uv": [ 1, 0, 2, 0.25 ], "texture": "#sign", "rotation": 180 }
			}
		},
		{
			"__comment": "Box22",
			"from": [ 1, 0, 7 ],
			"to": [ 2, 0.25, 9 ],
			"faces": {
				"down": { "uv": [ 7, 1, 9, 2 ], "texture": "#sign", "rotation": 270 },
				"north": { "uv": [ 2, 0.25, 1, 0 ], "texture": "#sign" },
				"south": { "uv": [ 15, 0.25, 14, 0 ], "texture": "#sign" },
				"west": { "uv": [ 7, 0, 9, 0.25 ], "texture": "#sign", "rotation": 180 },
				"east": { "uv": [ 7, 0, 9, 0.25 ], "texture": "#sign", "rotation": 180 }
			}
		},
		{
			"__comment": "Box22",
			"from": [ 14, 0, 7 ],
			"to": [ 15, 0.25, 9 ],
			"faces": {
				"down": { "uv": [ 7, 1, 9, 2 ], "texture": "#sign", "rotation": 270 },
				"north": { "uv": [ 2, 0.25, 1, 0 ], "texture": "#sign" },
				"south": { "uv": [ 15, 0.25, 14, 0 ], "texture": "#sign" },
				"west": { "uv": [ 7, 0, 9, 0.25 ], "texture": "#sign", "rotation": 180 },
				"east": { "uv": [ 7, 0, 9, 0.25 ], "texture": "#sign", "rotation": 180 }
			}
		}
	]
}