{
    "parent": "block/block",
    "textures": {
        "side": "block/furnace_side",
        "top": "block/furnace_top",
        "front": "block/dropper_front",
        "sign": "block/yellow_terracotta",
        "particle": "block/dropper_front"
    },
		"elements": [ 	 
		{
			"__comment": "Element",
			"from": [ 0.25, 0.25, 0.25 ],
			"to": [ 15.75, 15.75, 15.75 ],
			"faces": {
				"down": { "uv": [ 0.25, 0.25, 15.75, 15.75 ], "texture": "#top", "cullface": "down" },
				"up": { "uv": [ 0.25, 15.75, 15.75, 0.25 ], "texture": "#top", "cullface": "up" },
				"north": { "uv": [ 0.25, 0.25, 15.75, 15.75 ], "texture": "#front", "cullface": "north" },
				"south": { "uv": [ 0.25, 0.25, 15.75, 15.75 ], "texture": "#side", "cullface": "south" },
				"west": { "uv": [ 0.25, 0.25, 15.75, 15.75 ], "texture": "#side", "cullface": "west" },
				"east": { "uv": [ 15.75, 0.25, 0.25, 15.75 ], "texture": "#side", "cullface": "east" }
			}
		},
		{
			"__comment": "Box2",
			"from": [ 0, 0, 0 ],
			"to": [ 1, 16, 1 ],
			"faces": {
				"down": { "uv": [ 0, 15, 1, 16 ], "texture": "#top" },
				"up": { "uv": [ 0, 0, 1, 1 ], "texture": "#top" },
				"north": { "uv": [ 15, 0, 16, 16 ], "texture": "#top" },
				"south": { "uv": [ 0, 0, 1, 16 ], "texture": "#top" },
				"west": { "uv": [ 0, 0, 1, 16 ], "texture": "#top" },
				"east": { "uv": [ 15, 0, 16, 16 ], "texture": "#top" }
			}
		},
		{
			"__comment": "Box2",
			"from": [ 15, 0, 0 ],
			"to": [ 16, 16, 1 ],
			"faces": {
				"down": { "uv": [ 15, 15, 16, 16 ], "texture": "#top" },
				"up": { "uv": [ 15, 0, 16, 1 ], "texture": "#top" },
				"north": { "uv": [ 0, 0, 1, 16 ], "texture": "#top" },
				"south": { "uv": [ 15, 0, 16, 16 ], "texture": "#top" },
				"west": { "uv": [ 0, 0, 1, 16 ], "texture": "#top" },
				"east": { "uv": [ 15, 0, 16, 16 ], "texture": "#top" }
			}
		},
		{
			"__comment": "Box2",
			"from": [ 15, 0, 15 ],
			"to": [ 16, 16, 16 ],
			"faces": {
				"down": { "uv": [ 15, 0, 16, 1 ], "texture": "#top" },
				"up": { "uv": [ 15, 15, 16, 16 ], "texture": "#top" },
				"north": { "uv": [ 0, 0, 1, 16 ], "texture": "#top" },
				"south": { "uv": [ 15, 0, 16, 16 ], "texture": "#top" },
				"west": { "uv": [ 15, 0, 16, 16 ], "texture": "#top" },
				"east": { "uv": [ 0, 0, 1, 16 ], "texture": "#top" }
			}
		},
		{
			"__comment": "Box2",
			"from": [ 0, 0, 15 ],
			"to": [ 1, 16, 16 ],
			"faces": {
				"down": { "uv": [ 0, 15, 1, 16 ], "texture": "#top" },
				"up": { "uv": [ 0, 0, 1, 1 ], "texture": "#top" },
				"north": { "uv": [ 15, 0, 16, 16 ], "texture": "#top" },
				"south": { "uv": [ 0, 0, 1, 16 ], "texture": "#top" },
				"west": { "uv": [ 0, 0, 1, 16 ], "texture": "#top" },
				"east": { "uv": [ 15, 0, 16, 16 ], "texture": "#top" }
			}
		},
		{
			"__comment": "Box6",
			"from": [ 1, 0, 0 ],
			"to": [ 15, 1, 1 ],
			"faces": {
				"down": { "uv": [ 1, 15, 15, 16 ], "texture": "#top" },
				"up": { "uv": [ 1, 0, 15, 1 ], "texture": "#top" },
				"north": { "uv": [ 1, 15, 15, 16 ], "texture": "#top" },
				"south": { "uv": [ 1, 15, 15, 16 ], "texture": "#top" }
			}
		},
		{
			"__comment": "Box6",
			"from": [ 1, 15, 0 ],
			"to": [ 15, 16, 1 ],
			"faces": {
				"down": { "uv": [ 1, 15, 15, 16 ], "texture": "#top" },
				"up": { "uv": [ 1, 0, 15, 1 ], "texture": "#top" },
				"north": { "uv": [ 1, 0, 15, 1 ], "texture": "#top" },
				"south": { "uv": [ 1, 0, 15, 1 ], "texture": "#top" }
			}
		},
		{
			"__comment": "Box6",
			"from": [ 1, 15, 15 ],
			"to": [ 15, 16, 16 ],
			"faces": {
				"down": { "uv": [ 1, 0, 15, 1 ], "texture": "#top" },
				"up": { "uv": [ 1, 15, 15, 16 ], "texture": "#top" },
				"north": { "uv": [ 1, 0, 15, 1 ], "texture": "#top" },
				"south": { "uv": [ 1, 0, 15, 1 ], "texture": "#top" }
			}
		},
		{
			"__comment": "Box6",
			"from": [ 1, 0, 15 ],
			"to": [ 15, 1, 16 ],
			"faces": {
				"down": { "uv": [ 1, 15, 15, 16 ], "texture": "#top" },
				"up": { "uv": [ 1, 0, 15, 1 ], "texture": "#top" },
				"north": { "uv": [ 1, 15, 15, 16 ], "texture": "#top" },
				"south": { "uv": [ 1, 15, 15, 16 ], "texture": "#top" }
			}
		},
		{
			"__comment": "Box6",
			"from": [ 0, 0, 1 ],
			"to": [ 1, 1, 15 ],
			"faces": {
				"down": { "uv": [ 1, 0, 15, 1 ], "texture": "#top", "rotation": 270 },
				"up": { "uv": [ 1, 15, 15, 16 ], "texture": "#top", "rotation": 90 },
				"west": { "uv": [ 1, 15, 15, 16 ], "texture": "#top" },
				"east": { "uv": [ 1, 15, 15, 16 ], "texture": "#top" }
			}
		},
		{
			"__comment": "Box6",
			"from": [ 15, 15, 0.9999 ],
			"to": [ 16, 16, 14.9999 ],
			"faces": {
				"down": { "uv": [ 1, 15, 15, 16 ], "texture": "#top", "rotation": 270 },
				"up": { "uv": [ 1, 0, 15, 1 ], "texture": "#top", "rotation": 90 },
				"west": { "uv": [ 1, 0, 15, 1 ], "texture": "#top" },
				"east": { "uv": [ 1, 0, 15, 1 ], "texture": "#top" }
			}
		},
		{
			"__comment": "Box6",
			"from": [ 15, 0, 0.9999 ],
			"to": [ 16, 1, 14.9999 ],
			"faces": {
				"down": { "uv": [ 1, 15, 15, 16 ], "texture": "#top", "rotation": 270 },
				"up": { "uv": [ 1, 0, 15, 1 ], "texture": "#top", "rotation": 90 },
				"west": { "uv": [ 1, 15, 15, 16 ], "texture": "#top" },
				"east": { "uv": [ 1, 15, 15, 16 ], "texture": "#top" }
			}
		},
		{
			"__comment": "Box6",
			"from": [ 0, 15, 1 ],
			"to": [ 1, 16, 15 ],
			"faces": {
				"down": { "uv": [ 1, 0, 15, 1 ], "texture": "#top", "rotation": 270 },
				"up": { "uv": [ 1, 15, 15, 16 ], "texture": "#top", "rotation": 90 },
				"west": { "uv": [ 1, 15, 15, 16 ], "texture": "#top" },
				"east": { "uv": [ 1, 15, 15, 16 ], "texture": "#top" }
			}
		},
		{
			"__comment": "Box2",
			"from": [ 3, 15.75, 3 ],
			"to": [ 6, 16, 5 ],
			"faces": {
				"up": { "uv": [ 3, 3, 6, 5 ], "texture": "#sign" },
				"north": { "uv": [ 10, 0, 13, 0.25 ], "texture": "#sign" },
				"south": { "uv": [ 3, 0, 6, 0.25 ], "texture": "#sign" },
				"west": { "uv": [ 3, 0, 5, 0.25 ], "texture": "#sign" },
				"east": { "uv": [ 11, 0, 13, 0.25 ], "texture": "#sign" }
			}
		},
		{
			"__comment": "Box2",
			"from": [ 3, 15.75, 5 ],
			"to": [ 5, 16, 11 ],
			"faces": {
				"up": { "uv": [ 3, 5, 5, 11 ], "texture": "#sign" },
				"west": { "uv": [ 5, 0, 11, 0.25 ], "texture": "#sign" },
				"east": { "uv": [ 5, 0, 11, 0.25 ], "texture": "#sign" }
			}
		},
		{
			"__comment": "Box2",
			"from": [ 3, 15.75, 11 ],
			"to": [ 13, 16, 13 ],
			"faces": {
				"up": { "uv": [ 3, 11, 13, 13 ], "texture": "#sign" },
				"north": { "uv": [ 3, 0, 13, 0.25 ], "texture": "#sign" },
				"south": { "uv": [ 3, 0, 13, 0.25 ], "texture": "#sign" },
				"west": { "uv": [ 11, 0, 13, 0.25 ], "texture": "#sign" },
				"east": { "uv": [ 3, 0, 5, 0.25 ], "texture": "#sign" }
			}
		},
		{
			"__comment": "Box2",
			"from": [ 11, 15.75, 5 ],
			"to": [ 13, 16, 11 ],
			"faces": {
				"up": { "uv": [ 11, 5, 13, 11 ], "texture": "#sign" },
				"west": { "uv": [ 5, 0, 11, 0.25 ], "texture": "#sign" },
				"east": { "uv": [ 5, 0, 11, 0.25 ], "texture": "#sign" }
			}
		},
		{
			"__comment": "Box2",
			"from": [ 10, 15.75, 3 ],
			"to": [ 13, 16, 5 ],
			"faces": {
				"up": { "uv": [ 10, 3, 13, 5 ], "texture": "#sign" },
				"north": { "uv": [ 3, 0, 6, 0.25 ], "texture": "#sign" },
				"south": { "uv": [ 10, 0, 13, 0.25 ], "texture": "#sign" },
				"west": { "uv": [ 3, 0, 5, 0.25 ], "texture": "#sign" },
				"east": { "uv": [ 11, 0, 13, 0.25 ], "texture": "#sign" }
			}
		},
		{
			"__comment": "Box2",
			"from": [ 0, 3, 3 ],
			"to": [ 0.25, 6, 5 ],
			"faces": {
				"down": { "uv": [ 11, 0, 13, 0.25 ], "texture": "#sign", "rotation": 90 },
				"up": { "uv": [ 5, 0.25, 3, 0 ], "texture": "#sign", "rotation": 270 },
				"north": { "uv": [ 3.25, 0, 6.25, 0.25 ], "texture": "#sign", "rotation": 270 },
				"south": { "uv": [ 9.75, 0, 12.75, 0.25 ], "texture": "#sign", "rotation": 90 },
				"west": { "uv": [ 9.75, 11, 12.75, 13 ], "texture": "#sign", "rotation": 90 }
			}
		},
		{
			"__comment": "Box2",
			"from": [ 0, 3, 5 ],
			"to": [ 0.25, 5, 11 ],
			"faces": {
				"down": { "uv": [ 5, 0, 11, 0.25 ], "texture": "#sign", "rotation": 90 },
				"up": { "uv": [ 11, 0.25, 5, 0 ], "texture": "#sign", "rotation": 270 },
				"west": { "uv": [ 11, 5, 13, 11 ], "texture": "#sign", "rotation": 90 }
			}
		},
		{
			"__comment": "Box2",
			"from": [ 0, 3, 11 ],
			"to": [ 0.25, 13, 13 ],
			"faces": {
				"down": { "uv": [ 3, 0, 5, 0.25 ], "texture": "#sign", "rotation": 90 },
				"up": { "uv": [ 13, 0.25, 11, 0 ], "texture": "#sign", "rotation": 270 },
				"north": { "uv": [ 3, 0, 13, 0.25 ], "texture": "#sign", "rotation": 270 },
				"south": { "uv": [ 3, 0, 13, 0.25 ], "texture": "#sign", "rotation": 90 },
				"west": { "uv": [ 3, 3, 13, 5 ], "texture": "#sign", "rotation": 90 }
			}
		},
		{
			"__comment": "Box2",
			"from": [ 0, 11, 5 ],
			"to": [ 0.25, 13, 11 ],
			"faces": {
				"down": { "uv": [ 5, 0, 11, 0.25 ], "texture": "#sign", "rotation": 90 },
				"up": { "uv": [ 11, 0.25, 5, 0 ], "texture": "#sign", "rotation": 270 },
				"west": { "uv": [ 3, 5, 5, 11 ], "texture": "#sign", "rotation": 90 }
			}
		},
		{
			"__comment": "Box2",
			"from": [ 0, 10, 3 ],
			"to": [ 0.25, 13, 5 ],
			"faces": {
				"down": { "uv": [ 11, 0, 13, 0.25 ], "texture": "#sign", "rotation": 90 },
				"up": { "uv": [ 5, 0.25, 3, 0 ], "texture": "#sign", "rotation": 270 },
				"north": { "uv": [ 10, 0, 13, 0.25 ], "texture": "#sign", "rotation": 270 },
				"south": { "uv": [ 3, 0, 6, 0.25 ], "texture": "#sign", "rotation": 90 },
				"west": { "uv": [ 3, 11, 6, 13 ], "texture": "#sign", "rotation": 90 }
			}
		},
		{
			"__comment": "Box2",
			"from": [ 15.75, 3, 3 ],
			"to": [ 16, 6, 5 ],
			"faces": {
				"down": { "uv": [ 11, 0, 13, 0.25 ], "texture": "#sign", "rotation": 90 },
				"up": { "uv": [ 5, 0.25, 3, 0 ], "texture": "#sign", "rotation": 270 },
				"north": { "uv": [ 3.25, 0, 6.25, 0.25 ], "texture": "#sign", "rotation": 270 },
				"south": { "uv": [ 9.75, 0, 12.75, 0.25 ], "texture": "#sign", "rotation": 90 },
				"east": { "uv": [ 12.75, 5, 9.75, 3 ], "texture": "#sign", "rotation": 270 }
			}
		},
		{
			"__comment": "Box2",
			"from": [ 15.75, 3, 5 ],
			"to": [ 16, 5, 11 ],
			"faces": {
				"down": { "uv": [ 5, 0, 11, 0.25 ], "texture": "#sign", "rotation": 90 },
				"up": { "uv": [ 11, 0.25, 5, 0 ], "texture": "#sign", "rotation": 270 },
				"east": { "uv": [ 13, 11, 11, 5 ], "texture": "#sign", "rotation": 270 }
			}
		},
		{
			"__comment": "Box2",
			"from": [ 15.75, 3, 11 ],
			"to": [ 16, 13, 13 ],
			"faces": {
				"down": { "uv": [ 3, 0, 5, 0.25 ], "texture": "#sign", "rotation": 90 },
				"up": { "uv": [ 13, 0.25, 11, 0 ], "texture": "#sign", "rotation": 270 },
				"north": { "uv": [ 3, 0, 13, 0.25 ], "texture": "#sign", "rotation": 270 },
				"south": { "uv": [ 3, 0, 13, 0.25 ], "texture": "#sign", "rotation": 90 },
				"east": { "uv": [ 13, 13, 3, 11 ], "texture": "#sign", "rotation": 270 }
			}
		},
		{
			"__comment": "Box2",
			"from": [ 15.75, 11, 5 ],
			"to": [ 16, 13, 11 ],
			"faces": {
				"down": { "uv": [ 5, 0, 11, 0.25 ], "texture": "#sign", "rotation": 90 },
				"up": { "uv": [ 11, 0.25, 5, 0 ], "texture": "#sign", "rotation": 270 },
				"east": { "uv": [ 5, 11, 3, 5 ], "texture": "#sign", "rotation": 270 }
			}
		},
		{
			"__comment": "Box2",
			"from": [ 15.75, 10, 3 ],
			"to": [ 16, 13, 5 ],
			"faces": {
				"down": { "uv": [ 11, 0, 13, 0.25 ], "texture": "#sign", "rotation": 90 },
				"up": { "uv": [ 5, 0.25, 3, 0 ], "texture": "#sign", "rotation": 270 },
				"north": { "uv": [ 10, 0, 13, 0.25 ], "texture": "#sign", "rotation": 270 },
				"south": { "uv": [ 3, 0, 6, 0.25 ], "texture": "#sign", "rotation": 90 },
				"east": { "uv": [ 6, 5, 3, 3 ], "texture": "#sign", "rotation": 270 }
			}
		},
		{
			"__comment": "Box2",
			"from": [ 3, 0, 11 ],
			"to": [ 13, 0.25, 13 ],
			"faces": {
				"down": { "uv": [ 3, 3, 13, 5 ], "texture": "#sign" },
				"north": { "uv": [ 3, 15.75, 13, 16 ], "texture": "#sign" },
				"south": { "uv": [ 3, 15.75, 13, 16 ], "texture": "#sign" },
				"west": { "uv": [ 11, 15.75, 13, 16 ], "texture": "#sign" },
				"east": { "uv": [ 3, 15.75, 5, 16 ], "texture": "#sign" }
			}
		},
		{
			"__comment": "Box2",
			"from": [ 3, 0, 5 ],
			"to": [ 5, 0.25, 11 ],
			"faces": {
				"down": { "uv": [ 3, 5, 5, 11 ], "texture": "#sign" },
				"west": { "uv": [ 5, 0, 11, 0.25 ], "texture": "#sign" },
				"east": { "uv": [ 5, 0, 11, 0.25 ], "texture": "#sign" }
			}
		},
		{
			"__comment": "Box2",
			"from": [ 11, 0, 5 ],
			"to": [ 13, 0.25, 11 ],
			"faces": {
				"down": { "uv": [ 11, 5, 13, 11 ], "texture": "#sign" },
				"west": { "uv": [ 5, 0, 11, 0.25 ], "texture": "#sign" },
				"east": { "uv": [ 5, 0, 11, 0.25 ], "texture": "#sign" }
			}
		},
		{
			"__comment": "Box2",
			"from": [ 3, 0, 3 ],
			"to": [ 6, 0.25, 5 ],
			"faces": {
				"down": { "uv": [ 3, 11, 6, 13 ], "texture": "#sign" },
				"north": { "uv": [ 10, 0, 13, 0.25 ], "texture": "#sign" },
				"south": { "uv": [ 3, 0, 6, 0.25 ], "texture": "#sign" },
				"west": { "uv": [ 3, 0, 5, 0.25 ], "texture": "#sign" },
				"east": { "uv": [ 11, 0, 13, 0.25 ], "texture": "#sign" }
			}
		},
		{
			"__comment": "Box2",
			"from": [ 10, 0, 3 ],
			"to": [ 13, 0.25, 5 ],
			"faces": {
				"down": { "uv": [ 10, 11, 13, 13 ], "texture": "#sign" },
				"north": { "uv": [ 3, 0, 6, 0.25 ], "texture": "#sign" },
				"south": { "uv": [ 10, 0, 13, 0.25 ], "texture": "#sign" },
				"west": { "uv": [ 3, 0, 5, 0.25 ], "texture": "#sign" },
				"east": { "uv": [ 11, 0, 13, 0.25 ], "texture": "#sign" }
			}
		},
		{
			"__comment": "Box2",
			"from": [ 3, 3, 15.75 ],
			"to": [ 13, 5, 16 ],
			"faces": {
				"down": { "uv": [ 3, 0, 13, 0.25 ], "texture": "#sign" },
				"up": { "uv": [ 13, 0.25, 3, 0 ], "texture": "#sign" },
				"south": { "uv": [ 3, 1, 13, 3 ], "texture": "#sign" },
				"west": { "uv": [ 1, 0, 3, 0.25 ], "texture": "#sign", "rotation": 90 },
				"east": { "uv": [ 13, 0, 15, 0.25 ], "texture": "#sign", "rotation": 270 }
			}
		}
	]
}
