{
	"__comment": "Designed by XeKr with Cubik Studio - https://cubik.studio",
	"ambientocclusion": false,
	"textures": {
		"particle": "block/hopper_outside",
		"top": "block/hopper_top",
		"side": "block/hopper_outside",
		"inside": "block/hopper_inside",
		"sign": "block/yellow_terracotta"
	},
	"elements": [ 	 
		{
			"__comment": "Element",
			"from": [ 0, 10, 0 ],
			"to": [ 16, 11, 16 ],
			"faces": {
				"down": { "uv": [ 0, 0, 16, 16 ], "texture": "#side" },
				"up": { "uv": [ 0, 0, 16, 16 ], "texture": "#inside" },
				"north": { "uv": [ 0, 5, 16, 6 ], "texture": "#side" },
				"south": { "uv": [ 0, 5, 16, 6 ], "texture": "#side" },
				"west": { "uv": [ 0, 5, 16, 6 ], "texture": "#side" },
				"east": { "uv": [ 0, 5, 16, 6 ], "texture": "#side" }
			}
		},
		{
			"__comment": "Element",
			"from": [ 0.25, 11, 0.25 ],
			"to": [ 2, 15, 15.75 ],
			"faces": {
				"north": { "uv": [ 14, 1, 15.75, 5 ], "texture": "#side" },
				"south": { "uv": [ 0.25, 1, 2, 5 ], "texture": "#side" },
				"west": { "uv": [ 0.25, 1, 15.75, 5 ], "texture": "#side" },
				"east": { "uv": [ 0.25, 1, 15.75, 5 ], "texture": "#side" }
			}
		},
		{
			"__comment": "Element",
			"from": [ 14, 11, 0.25 ],
			"to": [ 15.75, 15, 15.75 ],
			"faces": {
				"north": { "uv": [ 0.25, 1, 2, 5 ], "texture": "#side" },
				"south": { "uv": [ 14, 1, 15.75, 5 ], "texture": "#side" },
				"west": { "uv": [ 0.25, 1, 15.75, 5 ], "texture": "#side" },
				"east": { "uv": [ 0.25, 1, 15.75, 5 ], "texture": "#side" }
			}
		},
		{
			"__comment": "Element",
			"from": [ 2, 11, 0.25 ],
			"to": [ 14, 15, 2 ],
			"faces": {
				"north": { "uv": [ 2, 1, 14, 5 ], "texture": "#side" },
				"south": { "uv": [ 2, 1, 14, 5 ], "texture": "#side" }
			}
		},
		{
			"__comment": "Element",
			"from": [ 2, 11, 14 ],
			"to": [ 14, 15, 15.75 ],
			"faces": {
				"north": { "uv": [ 2, 1, 14, 5 ], "texture": "#side" },
				"south": { "uv": [ 2, 1, 14, 5 ], "texture": "#side" }
			}
		},
		{
			"__comment": "Element",
			"from": [ 4, 4, 4 ],
			"to": [ 12, 10, 12 ],
			"faces": {
				"down": { "uv": [ 4, 4, 12, 12 ], "texture": "#side" },
				"north": { "uv": [ 4, 6, 12, 12 ], "texture": "#side" },
				"south": { "uv": [ 4, 6, 12, 12 ], "texture": "#side" },
				"west": { "uv": [ 4, 6, 12, 12 ], "texture": "#side" },
				"east": { "uv": [ 4, 6, 12, 12 ], "texture": "#side" }
			}
		},
		{
			"__comment": "Element",
			"from": [ 6, 0, 6 ],
			"to": [ 10, 4, 10 ],
			"faces": {
				"down": { "uv": [ 6, 6, 10, 10 ], "texture": "#side" },
				"north": { "uv": [ 6, 12, 10, 16 ], "texture": "#side" },
				"south": { "uv": [ 6, 12, 10, 16 ], "texture": "#side" },
				"west": { "uv": [ 6, 12, 10, 16 ], "texture": "#side" },
				"east": { "uv": [ 6, 12, 10, 16 ], "texture": "#side" }
			}
		},
		{
			"__comment": "Element",
			"from": [ 0, 15, 0 ],
			"to": [ 2, 16, 16 ],
			"faces": {
				"down": { "uv": [ 0, 0, 2, 16 ], "texture": "#side" },
				"up": { "uv": [ 0, 0, 2, 16 ], "texture": "#top" },
				"north": { "uv": [ 14, 0, 16, 1 ], "texture": "#side" },
				"south": { "uv": [ 0, 0, 2, 1 ], "texture": "#side" },
				"west": { "uv": [ 0, 0, 16, 1 ], "texture": "#side" },
				"east": { "uv": [ 0, 0, 16, 1 ], "texture": "#side" }
			}
		},
		{
			"__comment": "Element",
			"from": [ 2, 15, 0 ],
			"to": [ 14, 16, 2 ],
			"faces": {
				"down": { "uv": [ 2, 14, 14, 16 ], "texture": "#side" },
				"up": { "uv": [ 2, 0, 14.25, 2 ], "texture": "#top" },
				"north": { "uv": [ 2, 0, 14, 1 ], "texture": "#side" },
				"south": { "uv": [ 2, 0, 14, 1 ], "texture": "#side" }
			}
		},
		{
			"__comment": "Element",
			"from": [ 14, 15, 0 ],
			"to": [ 16, 16, 16 ],
			"faces": {
				"down": { "uv": [ 14, 0, 16, 16 ], "texture": "#side" },
				"up": { "uv": [ 14, 0, 16, 16 ], "texture": "#top" },
				"north": { "uv": [ 0, 0, 2, 1 ], "texture": "#side" },
				"south": { "uv": [ 14, 0, 16, 1 ], "texture": "#side" },
				"west": { "uv": [ 0, 0, 16, 1 ], "texture": "#side" },
				"east": { "uv": [ 0, 0, 16, 1 ], "texture": "#side" }
			}
		},
		{
			"__comment": "Element",
			"from": [ 2, 15, 14 ],
			"to": [ 14, 16, 16 ],
			"faces": {
				"down": { "uv": [ 2, 0, 14, 2 ], "texture": "#side" },
				"up": { "uv": [ 2, 14, 14, 16 ], "texture": "#top" },
				"north": { "uv": [ 2, 0, 14, 1 ], "texture": "#side" },
				"south": { "uv": [ 2, 0, 14, 1 ], "texture": "#side" }
			}
		},
		{
			"__comment": "Voxels",
			"from": [ 0, 11, 2 ],
			"to": [ 1, 13, 4 ],
			"faces": {
				"up": { "uv": [ 4, 9, 5, 7 ], "texture": "#sign" },
				"north": { "uv": [ 5, 5, 4, 7 ], "texture": "#sign" },
				"south": { "uv": [ 4, 3, 5, 5 ], "texture": "#sign" },
				"west": { "uv": [ 8, 14, 10, 16 ], "texture": "#sign" }
			}
		},
		{
			"__comment": "Voxels",
			"from": [ 0, 11, 7 ],
			"to": [ 1, 13, 9 ],
			"faces": {
				"up": { "uv": [ 0, 8, 1, 6 ], "texture": "#sign" },
				"north": { "uv": [ 2, 6, 1, 8 ], "texture": "#sign" },
				"south": { "uv": [ 0, 2, 1, 4 ], "texture": "#sign" },
				"west": { "uv": [ 4, 14, 6, 16 ], "texture": "#sign" }
			}
		},
		{
			"__comment": "Voxels",
			"from": [ 0, 11, 12 ],
			"to": [ 1, 13, 14 ],
			"faces": {
				"up": { "uv": [ 1, 14, 2, 12 ], "texture": "#sign" },
				"north": { "uv": [ 2, 10, 1, 12 ], "texture": "#sign" },
				"south": { "uv": [ 1, 8, 2, 10 ], "texture": "#sign" },
				"west": { "uv": [ 0, 14, 2, 16 ], "texture": "#sign" }
			}
		},
		{
			"__comment": "Voxels",
			"from": [ 0, 13, 1 ],
			"to": [ 1, 15, 2 ],
			"faces": {
				"down": { "uv": [ 5, 4, 6, 5 ], "texture": "#sign" },
				"north": { "uv": [ 2, 0, 1, 2 ], "texture": "#sign" },
				"south": { "uv": [ 2, 12, 3, 14 ], "texture": "#sign" },
				"west": { "uv": [ 2, 10, 3, 12 ], "texture": "#sign" }
			}
		},
		{
			"__comment": "Voxels",
			"from": [ 0, 13, 4 ],
			"to": [ 1, 15, 5 ],
			"faces": {
				"down": { "uv": [ 5, 2, 6, 3 ], "texture": "#sign" },
				"north": { "uv": [ 3, 2, 2, 4 ], "texture": "#sign" },
				"south": { "uv": [ 2, 0, 3, 2 ], "texture": "#sign" },
				"west": { "uv": [ 3, 12, 4, 14 ], "texture": "#sign" }
			}
		},
		{
			"__comment": "Voxels",
			"from": [ 0, 13, 6 ],
			"to": [ 1, 15, 7 ],
			"faces": {
				"down": { "uv": [ 9, 9, 10, 10 ], "texture": "#sign" },
				"north": { "uv": [ 8, 12, 7, 14 ], "texture": "#sign" },
				"south": { "uv": [ 8, 12, 9, 14 ], "texture": "#sign" },
				"west": { "uv": [ 9, 12, 10, 14 ], "texture": "#sign" }
			}
		},
		{
			"__comment": "Voxels",
			"from": [ 0, 13, 9 ],
			"to": [ 1, 15, 10 ],
			"faces": {
				"down": { "uv": [ 6, 3, 7, 4 ], "texture": "#sign" },
				"north": { "uv": [ 15, 12, 14, 14 ], "texture": "#sign" },
				"south": { "uv": [ 1, 4, 2, 6 ], "texture": "#sign" },
				"west": { "uv": [ 1, 2, 2, 4 ], "texture": "#sign" }
			}
		},
		{
			"__comment": "Voxels",
			"from": [ 0, 13, 11 ],
			"to": [ 1, 15, 12 ],
			"faces": {
				"down": { "uv": [ 6, 8, 7, 9 ], "texture": "#sign" },
				"north": { "uv": [ 7, 12, 6, 14 ], "texture": "#sign" },
				"south": { "uv": [ 13, 12, 14, 14 ], "texture": "#sign" },
				"west": { "uv": [ 2, 4, 3, 6 ], "texture": "#sign" }
			}
		},
		{
			"__comment": "Voxels",
			"from": [ 0, 13, 14 ],
			"to": [ 1, 15, 15 ],
			"faces": {
				"down": { "uv": [ 6, 7, 7, 8 ], "texture": "#sign" },
				"north": { "uv": [ 16, 12, 15, 14 ], "texture": "#sign" },
				"south": { "uv": [ 3, 10, 4, 12 ], "texture": "#sign" },
				"west": { "uv": [ 3, 8, 4, 10 ], "texture": "#sign" }
			}
		},
		{
			"__comment": "Voxels",
			"from": [ 2, 11, 4 ],
			"to": [ 3, 11.25, 6 ],
			"faces": {
				"up": { "uv": [ 3, 4, 4, 2 ], "texture": "#sign" },
				"north": { "uv": [ 12, 9, 11, 10 ], "texture": "#sign" },
				"south": { "uv": [ 12, 9, 13, 10 ], "texture": "#sign" },
				"east": { "uv": [ 6, 11, 4, 12 ], "texture": "#sign" }
			}
		},
		{
			"__comment": "Voxels",
			"from": [ 2, 11, 10 ],
			"to": [ 4, 11.25, 11 ],
			"faces": {
				"up": { "uv": [ 6, 12, 8, 11 ], "texture": "#sign" },
				"north": { "uv": [ 10, 11, 8, 12 ], "texture": "#sign" },
				"south": { "uv": [ 10, 11, 12, 12 ], "texture": "#sign" },
				"east": { "uv": [ 9, 8, 8, 9 ], "texture": "#sign" }
			}
		},
		{
			"__comment": "Voxels",
			"from": [ 2, 11, 11 ],
			"to": [ 3, 11.25, 12 ],
			"faces": {
				"up": { "uv": [ 15, 15, 16, 14 ], "texture": "#sign" },
				"south": { "uv": [ 15, 10, 16, 11 ], "texture": "#sign" },
				"east": { "uv": [ 16, 9, 15, 10 ], "texture": "#sign" }
			}
		},
		{
			"__comment": "Voxels",
			"from": [ 3, 11, 5 ],
			"to": [ 4, 11.25, 7 ],
			"faces": {
				"up": { "uv": [ 4, 11, 5, 9 ], "texture": "#sign" },
				"north": { "uv": [ 6, 1, 5, 2 ], "texture": "#sign" },
				"south": { "uv": [ 5, 0, 6, 1 ], "texture": "#sign" },
				"west": { "uv": [ 14, 11, 16, 12 ], "texture": "#sign" },
				"east": { "uv": [ 7, 10, 5, 11 ], "texture": "#sign" }
			}
		},
		{
			"__comment": "Voxels",
			"from": [ 3, 11, 9 ],
			"to": [ 5, 11.25, 10 ],
			"faces": {
				"up": { "uv": [ 9, 11, 11, 10 ], "texture": "#sign" },
				"north": { "uv": [ 13, 10, 11, 11 ], "texture": "#sign" },
				"south": { "uv": [ 13, 10, 15, 11 ], "texture": "#sign" },
				"west": { "uv": [ 14, 9, 15, 10 ], "texture": "#sign" },
				"east": { "uv": [ 10, 8, 9, 9 ], "texture": "#sign" }
			}
		},
		{
			"__comment": "Voxels",
			"from": [ 4, 11, 6 ],
			"to": [ 5, 11.25, 9 ],
			"faces": {
				"up": { "uv": [ 0, 11, 1, 8 ], "texture": "#sign" },
				"north": { "uv": [ 7, 6, 6, 7 ], "texture": "#sign" },
				"west": { "uv": [ 12, 15, 15, 16 ], "texture": "#sign" },
				"east": { "uv": [ 15, 14, 12, 15 ], "texture": "#sign" }
			}
		},
		{
			"__comment": "Voxels",
			"from": [ 5, 11, 7 ],
			"to": [ 6, 11.25, 9 ],
			"faces": {
				"up": { "uv": [ 5, 8, 6, 6 ], "texture": "#sign" },
				"north": { "uv": [ 7, 0, 6, 1 ], "texture": "#sign" },
				"south": { "uv": [ 7, 8, 8, 9 ], "texture": "#sign" },
				"east": { "uv": [ 14, 11, 12, 12 ], "texture": "#sign" }
			}
		},
		{
			"__comment": "Voxels",
			"from": [ 3, 9.75, 6 ],
			"to": [ 4, 10, 9 ],
			"faces": {
				"down": { "uv": [ 0, 11, 1, 14 ], "texture": "#sign" },
				"north": { "uv": [ 7, 6, 6, 7 ], "texture": "#sign" },
				"west": { "uv": [ 12, 15, 15, 16 ], "texture": "#sign" }
			}
		},
		{
			"__comment": "Voxels",
			"from": [ 2, 9.75, 9 ],
			"to": [ 4, 10, 10 ],
			"faces": {
				"down": { "uv": [ 7, 10, 9, 11 ], "texture": "#sign" },
				"north": { "uv": [ 13, 10, 11, 11 ], "texture": "#sign" },
				"south": { "uv": [ 13, 10, 15, 11 ], "texture": "#sign" },
				"west": { "uv": [ 14, 9, 15, 10 ], "texture": "#sign" }
			}
		},
		{
			"__comment": "Voxels",
			"from": [ 1, 9.75, 10 ],
			"to": [ 3, 10, 11 ],
			"faces": {
				"down": { "uv": [ 11, 13, 13, 14 ], "texture": "#sign" },
				"north": { "uv": [ 10, 11, 8, 12 ], "texture": "#sign" },
				"south": { "uv": [ 10, 11, 12, 12 ], "texture": "#sign" },
				"west": { "uv": [ 6, 1, 7, 2 ], "texture": "#sign" },
				"east": { "uv": [ 9, 8, 8, 9 ], "texture": "#sign" }
			}
		},
		{
			"__comment": "Voxels",
			"from": [ 1, 9.75, 11 ],
			"to": [ 2, 10, 12 ],
			"faces": {
				"down": { "uv": [ 15, 15, 16, 16 ], "texture": "#sign" },
				"south": { "uv": [ 15, 10, 16, 11 ], "texture": "#sign" },
				"west": { "uv": [ 5, 5, 6, 6 ], "texture": "#sign" },
				"east": { "uv": [ 16, 9, 15, 10 ], "texture": "#sign" }
			}
		},
		{
			"__comment": "Voxels",
			"from": [ 2, 9.75, 5 ],
			"to": [ 3, 10, 7 ],
			"faces": {
				"down": { "uv": [ 3, 0, 4, 2 ], "texture": "#sign" },
				"north": { "uv": [ 6, 1, 5, 2 ], "texture": "#sign" },
				"south": { "uv": [ 5, 0, 6, 1 ], "texture": "#sign" },
				"west": { "uv": [ 14, 11, 16, 12 ], "texture": "#sign" },
				"east": { "uv": [ 7, 10, 5, 11 ], "texture": "#sign" }
			}
		},
		{
			"__comment": "Voxels",
			"from": [ 1, 9.75, 4 ],
			"to": [ 2, 10, 6 ],
			"faces": {
				"down": { "uv": [ 3, 4, 4, 6 ], "texture": "#sign" },
				"north": { "uv": [ 12, 9, 11, 10 ], "texture": "#sign" },
				"south": { "uv": [ 12, 9, 13, 10 ], "texture": "#sign" },
				"west": { "uv": [ 11, 12, 13, 13 ], "texture": "#sign" },
				"east": { "uv": [ 6, 11, 4, 12 ], "texture": "#sign" }
			}
		},
		{
			"__comment": "Voxels",
			"from": [ 3.75, 5, 7 ],
			"to": [ 4.75, 7, 9 ],
			"faces": {
				"down": { "uv": [ 0, 4, 1, 6 ], "texture": "#sign" },
				"up": { "uv": [ 4, 9, 5, 7 ], "texture": "#sign" },
				"north": { "uv": [ 5, 5, 4, 7 ], "texture": "#sign" },
				"south": { "uv": [ 4, 3, 5, 5 ], "texture": "#sign" },
				"west": { "uv": [ 8, 14, 10, 16 ], "texture": "#sign" }
			}
		},
		{
			"__comment": "Voxels",
			"from": [ 3.75, 7, 6 ],
			"to": [ 4.75, 9, 7 ],
			"faces": {
				"down": { "uv": [ 5, 4, 6, 5 ], "texture": "#sign" },
				"up": { "uv": [ 5, 4, 6, 3 ], "texture": "#sign" },
				"north": { "uv": [ 2, 0, 1, 2 ], "texture": "#sign" },
				"south": { "uv": [ 2, 12, 3, 14 ], "texture": "#sign" },
				"west": { "uv": [ 2, 10, 3, 12 ], "texture": "#sign" }
			}
		},
		{
			"__comment": "Voxels",
			"from": [ 3.75, 7, 9 ],
			"to": [ 4.75, 9, 10 ],
			"faces": {
				"down": { "uv": [ 5, 2, 6, 3 ], "texture": "#sign" },
				"up": { "uv": [ 8, 10, 9, 9 ], "texture": "#sign" },
				"north": { "uv": [ 3, 2, 2, 4 ], "texture": "#sign" },
				"south": { "uv": [ 2, 0, 3, 2 ], "texture": "#sign" },
				"west": { "uv": [ 3, 12, 4, 14 ], "texture": "#sign" }
			}
		},
		{
			"__comment": "Voxels",
			"from": [ 0.9999, 13, 0 ],
			"to": [ 1.9999, 15, 1 ],
			"faces": {
				"down": { "uv": [ 6, 7, 7, 8 ], "texture": "#sign", "rotation": 270 },
				"north": { "uv": [ 3, 8, 4, 10 ], "texture": "#sign" },
				"west": { "uv": [ 3, 10, 4, 12 ], "texture": "#sign" },
				"east": { "uv": [ 16, 12, 15, 14 ], "texture": "#sign" }
			}
		},
		{
			"__comment": "Voxels",
			"from": [ 1.9999, 11, 0 ],
			"to": [ 3.9999, 13, 1 ],
			"faces": {
				"up": { "uv": [ 1, 14, 2, 12 ], "texture": "#sign", "rotation": 90 },
				"north": { "uv": [ 0, 14, 2, 16 ], "texture": "#sign" },
				"west": { "uv": [ 1, 8, 2, 10 ], "texture": "#sign" },
				"east": { "uv": [ 2, 10, 1, 12 ], "texture": "#sign" }
			}
		},
		{
			"__comment": "Voxels",
			"from": [ 3.9999, 13, 0 ],
			"to": [ 4.9999, 15, 1 ],
			"faces": {
				"down": { "uv": [ 6, 8, 7, 9 ], "texture": "#sign", "rotation": 270 },
				"north": { "uv": [ 2, 4, 3, 6 ], "texture": "#sign" },
				"west": { "uv": [ 13, 12, 14, 14 ], "texture": "#sign" },
				"east": { "uv": [ 7, 12, 6, 14 ], "texture": "#sign" }
			}
		},
		{
			"__comment": "Voxels",
			"from": [ 6, 13, 0 ],
			"to": [ 7, 15, 1 ],
			"faces": {
				"down": { "uv": [ 6, 3, 7, 4 ], "texture": "#sign", "rotation": 270 },
				"north": { "uv": [ 1, 2, 2, 4 ], "texture": "#sign" },
				"west": { "uv": [ 1, 4, 2, 6 ], "texture": "#sign" },
				"east": { "uv": [ 15, 12, 14, 14 ], "texture": "#sign" }
			}
		},
		{
			"__comment": "Voxels",
			"from": [ 6.9999, 11, 0 ],
			"to": [ 8.9999, 13, 1 ],
			"faces": {
				"up": { "uv": [ 0, 8, 1, 6 ], "texture": "#sign", "rotation": 90 },
				"north": { "uv": [ 4, 14, 6, 16 ], "texture": "#sign" },
				"west": { "uv": [ 0, 2, 1, 4 ], "texture": "#sign" },
				"east": { "uv": [ 2, 6, 1, 8 ], "texture": "#sign" }
			}
		},
		{
			"__comment": "Voxels",
			"from": [ 8.9999, 13, 0 ],
			"to": [ 9.9999, 15, 1 ],
			"faces": {
				"down": { "uv": [ 9, 9, 10, 10 ], "texture": "#sign", "rotation": 270 },
				"north": { "uv": [ 9, 12, 10, 14 ], "texture": "#sign" },
				"west": { "uv": [ 8, 12, 9, 14 ], "texture": "#sign" },
				"east": { "uv": [ 8, 12, 7, 14 ], "texture": "#sign" }
			}
		},
		{
			"__comment": "Voxels",
			"from": [ 11, 13, 0 ],
			"to": [ 12, 15, 1 ],
			"faces": {
				"down": { "uv": [ 5, 2, 6, 3 ], "texture": "#sign", "rotation": 270 },
				"north": { "uv": [ 3, 12, 4, 14 ], "texture": "#sign" },
				"west": { "uv": [ 2, 0, 3, 2 ], "texture": "#sign" },
				"east": { "uv": [ 3, 2, 2, 4 ], "texture": "#sign" }
			}
		},
		{
			"__comment": "Voxels",
			"from": [ 11.9999, 11, -0.0001 ],
			"to": [ 13.9999, 13, 0.9999 ],
			"faces": {
				"up": { "uv": [ 4, 9, 5, 7 ], "texture": "#sign", "rotation": 90 },
				"north": { "uv": [ 8, 14, 10, 16 ], "texture": "#sign" },
				"west": { "uv": [ 4, 3, 5, 5 ], "texture": "#sign" },
				"east": { "uv": [ 5, 5, 4, 7 ], "texture": "#sign" }
			}
		},
		{
			"__comment": "Voxels",
			"from": [ 14, 13, -0.0001 ],
			"to": [ 15, 15, 0.9999 ],
			"faces": {
				"down": { "uv": [ 5, 4, 6, 5 ], "texture": "#sign", "rotation": 270 },
				"north": { "uv": [ 2, 10, 3, 12 ], "texture": "#sign" },
				"west": { "uv": [ 2, 12, 3, 14 ], "texture": "#sign" },
				"east": { "uv": [ 2, 0, 1, 2 ], "texture": "#sign" }
			}
		},
		{
			"__comment": "Voxels",
			"from": [ 7, 5, 3.75 ],
			"to": [ 9, 7, 4.75 ],
			"faces": {
				"down": { "uv": [ 0, 4, 1, 6 ], "texture": "#sign", "rotation": 270 },
				"up": { "uv": [ 4, 9, 5, 7 ], "texture": "#sign", "rotation": 90 },
				"north": { "uv": [ 8, 14, 10, 16 ], "texture": "#sign" },
				"west": { "uv": [ 4, 3, 5, 5 ], "texture": "#sign" },
				"east": { "uv": [ 5, 5, 4, 7 ], "texture": "#sign" }
			}
		},
		{
			"__comment": "Voxels",
			"from": [ 6, 7, 3.75 ],
			"to": [ 7, 9, 4.75 ],
			"faces": {
				"down": { "uv": [ 5, 2, 6, 3 ], "texture": "#sign", "rotation": 270 },
				"up": { "uv": [ 8, 10, 9, 9 ], "texture": "#sign", "rotation": 90 },
				"north": { "uv": [ 3, 12, 4, 14 ], "texture": "#sign" },
				"west": { "uv": [ 2, 0, 3, 2 ], "texture": "#sign" },
				"east": { "uv": [ 3, 2, 2, 4 ], "texture": "#sign" }
			}
		},
		{
			"__comment": "Voxels",
			"from": [ 9, 7, 3.75 ],
			"to": [ 10, 9, 4.75 ],
			"faces": {
				"down": { "uv": [ 5, 4, 6, 5 ], "texture": "#sign", "rotation": 270 },
				"up": { "uv": [ 5, 4, 6, 3 ], "texture": "#sign", "rotation": 90 },
				"north": { "uv": [ 2, 10, 3, 12 ], "texture": "#sign" },
				"west": { "uv": [ 2, 12, 3, 14 ], "texture": "#sign" },
				"east": { "uv": [ 2, 0, 1, 2 ], "texture": "#sign" }
			}
		},
		{
			"__comment": "Voxels",
			"from": [ 4, 9.75, 1 ],
			"to": [ 5, 10, 2 ],
			"faces": {
				"down": { "uv": [ 15, 15, 16, 16 ], "texture": "#sign", "rotation": 270 },
				"north": { "uv": [ 5, 5, 6, 6 ], "texture": "#sign" },
				"south": { "uv": [ 16, 9, 15, 10 ], "texture": "#sign" },
				"west": { "uv": [ 15, 10, 16, 11 ], "texture": "#sign" }
			}
		},
		{
			"__comment": "Voxels",
			"from": [ 5, 9.75, 1 ],
			"to": [ 6, 10, 3 ],
			"faces": {
				"down": { "uv": [ 11, 13, 13, 14 ], "texture": "#sign", "rotation": 270 },
				"north": { "uv": [ 6, 1, 7, 2 ], "texture": "#sign" },
				"south": { "uv": [ 9, 8, 8, 9 ], "texture": "#sign" },
				"west": { "uv": [ 10, 11, 12, 12 ], "texture": "#sign" },
				"east": { "uv": [ 10, 11, 8, 12 ], "texture": "#sign" }
			}
		},
		{
			"__comment": "Voxels",
			"from": [ 6, 9.75, 2 ],
			"to": [ 7, 10, 4 ],
			"faces": {
				"down": { "uv": [ 7, 10, 9, 11 ], "texture": "#sign", "rotation": 270 },
				"north": { "uv": [ 14, 9, 15, 10 ], "texture": "#sign" },
				"west": { "uv": [ 13, 10, 15, 11 ], "texture": "#sign" },
				"east": { "uv": [ 13, 10, 11, 11 ], "texture": "#sign" }
			}
		},
		{
			"__comment": "Voxels",
			"from": [ 7, 9.75, 3 ],
			"to": [ 10, 10, 4 ],
			"faces": {
				"down": { "uv": [ 0, 11, 1, 14 ], "texture": "#sign", "rotation": 270 },
				"north": { "uv": [ 12, 15, 15, 16 ], "texture": "#sign" },
				"east": { "uv": [ 7, 6, 6, 7 ], "texture": "#sign" }
			}
		},
		{
			"__comment": "Voxels",
			"from": [ 9, 9.75, 2 ],
			"to": [ 11, 10, 3 ],
			"faces": {
				"down": { "uv": [ 3, 0, 4, 2 ], "texture": "#sign", "rotation": 270 },
				"north": { "uv": [ 14, 11, 16, 12 ], "texture": "#sign" },
				"south": { "uv": [ 7, 10, 5, 11 ], "texture": "#sign" },
				"west": { "uv": [ 5, 0, 6, 1 ], "texture": "#sign" },
				"east": { "uv": [ 6, 1, 5, 2 ], "texture": "#sign" }
			}
		},
		{
			"__comment": "Voxels",
			"from": [ 10, 9.75, 0.9999 ],
			"to": [ 12, 10, 1.9999 ],
			"faces": {
				"down": { "uv": [ 3, 4, 4, 6 ], "texture": "#sign", "rotation": 270 },
				"north": { "uv": [ 11, 12, 13, 13 ], "texture": "#sign" },
				"south": { "uv": [ 6, 11, 4, 12 ], "texture": "#sign" },
				"west": { "uv": [ 12, 9, 13, 10 ], "texture": "#sign" },
				"east": { "uv": [ 12, 9, 11, 10 ], "texture": "#sign" }
			}
		},
		{
			"__comment": "Voxels",
			"from": [ 7, 11, 5 ],
			"to": [ 9, 11.25, 6 ],
			"faces": {
				"up": { "uv": [ 5, 8, 6, 6 ], "texture": "#sign", "rotation": 90 },
				"south": { "uv": [ 14, 11, 12, 12 ], "texture": "#sign" },
				"west": { "uv": [ 7, 8, 8, 9 ], "texture": "#sign" },
				"east": { "uv": [ 7, 0, 6, 1 ], "texture": "#sign" }
			}
		},
		{
			"__comment": "Voxels",
			"from": [ 7, 11, 4 ],
			"to": [ 10, 11.25, 5 ],
			"faces": {
				"up": { "uv": [ 0, 11, 1, 8 ], "texture": "#sign", "rotation": 90 },
				"north": { "uv": [ 12, 15, 15, 16 ], "texture": "#sign" },
				"south": { "uv": [ 15, 14, 12, 15 ], "texture": "#sign" },
				"east": { "uv": [ 7, 6, 6, 7 ], "texture": "#sign" }
			}
		},
		{
			"__comment": "Voxels",
			"from": [ 9, 11, 3 ],
			"to": [ 11, 11.25, 4 ],
			"faces": {
				"up": { "uv": [ 4, 11, 5, 9 ], "texture": "#sign", "rotation": 90 },
				"north": { "uv": [ 14, 11, 16, 12 ], "texture": "#sign" },
				"south": { "uv": [ 7, 10, 5, 11 ], "texture": "#sign" },
				"west": { "uv": [ 5, 0, 6, 1 ], "texture": "#sign" },
				"east": { "uv": [ 6, 1, 5, 2 ], "texture": "#sign" }
			}
		},
		{
			"__comment": "Voxels",
			"from": [ 10, 11, 2 ],
			"to": [ 12, 11.25, 3 ],
			"faces": {
				"up": { "uv": [ 3, 4, 4, 2 ], "texture": "#sign", "rotation": 90 },
				"south": { "uv": [ 6, 11, 4, 12 ], "texture": "#sign" },
				"west": { "uv": [ 12, 9, 13, 10 ], "texture": "#sign" },
				"east": { "uv": [ 12, 9, 11, 10 ], "texture": "#sign" }
			}
		},
		{
			"__comment": "Voxels",
			"from": [ 6, 11, 3 ],
			"to": [ 7, 11.25, 5 ],
			"faces": {
				"up": { "uv": [ 9, 11, 11, 10 ], "texture": "#sign", "rotation": 90 },
				"north": { "uv": [ 14, 9, 15, 10 ], "texture": "#sign" },
				"south": { "uv": [ 10, 8, 9, 9 ], "texture": "#sign" },
				"west": { "uv": [ 13, 10, 15, 11 ], "texture": "#sign" },
				"east": { "uv": [ 13, 10, 11, 11 ], "texture": "#sign" }
			}
		},
		{
			"__comment": "Voxels",
			"from": [ 5, 11, 2 ],
			"to": [ 6, 11.25, 4 ],
			"faces": {
				"up": { "uv": [ 6, 12, 8, 11 ], "texture": "#sign", "rotation": 90 },
				"south": { "uv": [ 9, 8, 8, 9 ], "texture": "#sign" },
				"west": { "uv": [ 10, 11, 12, 12 ], "texture": "#sign" },
				"east": { "uv": [ 10, 11, 8, 12 ], "texture": "#sign" }
			}
		},
		{
			"__comment": "Voxels",
			"from": [ 4, 11, 2 ],
			"to": [ 5, 11.25, 3 ],
			"faces": {
				"up": { "uv": [ 15, 15, 16, 14 ], "texture": "#sign", "rotation": 90 },
				"south": { "uv": [ 16, 9, 15, 10 ], "texture": "#sign" },
				"west": { "uv": [ 15, 10, 16, 11 ], "texture": "#sign" }
			}
		},
		{
			"__comment": "Voxels",
			"from": [ 14.9999, 13, 0.9999 ],
			"to": [ 15.9999, 15, 1.9999 ],
			"faces": {
				"down": { "uv": [ 6, 7, 7, 8 ], "texture": "#sign", "rotation": 180 },
				"north": { "uv": [ 3, 10, 4, 12 ], "texture": "#sign" },
				"south": { "uv": [ 16, 12, 15, 14 ], "texture": "#sign" },
				"east": { "uv": [ 3, 8, 4, 10 ], "texture": "#sign" }
			}
		},
		{
			"__comment": "Voxels",
			"from": [ 15, 11, 1.9998 ],
			"to": [ 16, 13, 3.9998 ],
			"faces": {
				"up": { "uv": [ 1, 14, 2, 12 ], "texture": "#sign", "rotation": 180 },
				"north": { "uv": [ 1, 8, 2, 10 ], "texture": "#sign" },
				"south": { "uv": [ 2, 10, 1, 12 ], "texture": "#sign" },
				"east": { "uv": [ 0, 14, 2, 16 ], "texture": "#sign" }
			}
		},
		{
			"__comment": "Voxels",
			"from": [ 15, 13, 3.9999 ],
			"to": [ 16, 15, 4.9999 ],
			"faces": {
				"down": { "uv": [ 6, 8, 7, 9 ], "texture": "#sign", "rotation": 180 },
				"north": { "uv": [ 13, 12, 14, 14 ], "texture": "#sign" },
				"south": { "uv": [ 7, 12, 6, 14 ], "texture": "#sign" },
				"east": { "uv": [ 2, 4, 3, 6 ], "texture": "#sign" }
			}
		},
		{
			"__comment": "Voxels",
			"from": [ 15, 13, 5.9999 ],
			"to": [ 16, 15, 6.9999 ],
			"faces": {
				"down": { "uv": [ 6, 3, 7, 4 ], "texture": "#sign", "rotation": 180 },
				"north": { "uv": [ 1, 4, 2, 6 ], "texture": "#sign" },
				"south": { "uv": [ 15, 12, 14, 14 ], "texture": "#sign" },
				"east": { "uv": [ 1, 2, 2, 4 ], "texture": "#sign" }
			}
		},
		{
			"__comment": "Voxels",
			"from": [ 15, 11, 6.9999 ],
			"to": [ 16, 13, 8.9999 ],
			"faces": {
				"up": { "uv": [ 0, 8, 1, 6 ], "texture": "#sign", "rotation": 180 },
				"north": { "uv": [ 0, 2, 1, 4 ], "texture": "#sign" },
				"south": { "uv": [ 2, 6, 1, 8 ], "texture": "#sign" },
				"east": { "uv": [ 4, 14, 6, 16 ], "texture": "#sign" }
			}
		},
		{
			"__comment": "Voxels",
			"from": [ 15, 13, 8.9999 ],
			"to": [ 16, 15, 9.9999 ],
			"faces": {
				"down": { "uv": [ 9, 9, 10, 10 ], "texture": "#sign", "rotation": 180 },
				"north": { "uv": [ 8, 12, 9, 14 ], "texture": "#sign" },
				"south": { "uv": [ 8, 12, 7, 14 ], "texture": "#sign" },
				"east": { "uv": [ 9, 12, 10, 14 ], "texture": "#sign" }
			}
		},
		{
			"__comment": "Voxels",
			"from": [ 15, 13, 10.9999 ],
			"to": [ 16, 15, 11.9999 ],
			"faces": {
				"down": { "uv": [ 5, 2, 6, 3 ], "texture": "#sign", "rotation": 180 },
				"north": { "uv": [ 2, 0, 3, 2 ], "texture": "#sign" },
				"south": { "uv": [ 3, 2, 2, 4 ], "texture": "#sign" },
				"east": { "uv": [ 3, 12, 4, 14 ], "texture": "#sign" }
			}
		},
		{
			"__comment": "Voxels",
			"from": [ 15.0001, 11, 11.9998 ],
			"to": [ 16.0001, 13, 13.9998 ],
			"faces": {
				"up": { "uv": [ 4, 9, 5, 7 ], "texture": "#sign", "rotation": 180 },
				"north": { "uv": [ 4, 3, 5, 5 ], "texture": "#sign" },
				"south": { "uv": [ 5, 5, 4, 7 ], "texture": "#sign" },
				"east": { "uv": [ 8, 14, 10, 16 ], "texture": "#sign" }
			}
		},
		{
			"__comment": "Voxels",
			"from": [ 15.0001, 13, 13.9999 ],
			"to": [ 16.0001, 15, 14.9999 ],
			"faces": {
				"down": { "uv": [ 5, 4, 6, 5 ], "texture": "#sign", "rotation": 180 },
				"north": { "uv": [ 2, 12, 3, 14 ], "texture": "#sign" },
				"south": { "uv": [ 2, 0, 1, 2 ], "texture": "#sign" },
				"east": { "uv": [ 2, 10, 3, 12 ], "texture": "#sign" }
			}
		},
		{
			"__comment": "Voxels",
			"from": [ 11.25, 5, 6.9999 ],
			"to": [ 12.25, 7, 8.9999 ],
			"faces": {
				"down": { "uv": [ 0, 4, 1, 6 ], "texture": "#sign", "rotation": 180 },
				"up": { "uv": [ 4, 9, 5, 7 ], "texture": "#sign", "rotation": 180 },
				"north": { "uv": [ 4, 3, 5, 5 ], "texture": "#sign" },
				"south": { "uv": [ 5, 5, 4, 7 ], "texture": "#sign" },
				"east": { "uv": [ 8, 14, 10, 16 ], "texture": "#sign" }
			}
		},
		{
			"__comment": "Voxels",
			"from": [ 11.25, 7, 5.9999 ],
			"to": [ 12.25, 9, 6.9999 ],
			"faces": {
				"down": { "uv": [ 5, 2, 6, 3 ], "texture": "#sign", "rotation": 180 },
				"up": { "uv": [ 8, 10, 9, 9 ], "texture": "#sign", "rotation": 180 },
				"north": { "uv": [ 2, 0, 3, 2 ], "texture": "#sign" },
				"south": { "uv": [ 3, 2, 2, 4 ], "texture": "#sign" },
				"east": { "uv": [ 3, 12, 4, 14 ], "texture": "#sign" }
			}
		},
		{
			"__comment": "Voxels",
			"from": [ 11.25, 7, 9 ],
			"to": [ 12.25, 9, 10 ],
			"faces": {
				"down": { "uv": [ 5, 4, 6, 5 ], "texture": "#sign", "rotation": 180 },
				"up": { "uv": [ 5, 4, 6, 3 ], "texture": "#sign", "rotation": 180 },
				"north": { "uv": [ 2, 12, 3, 14 ], "texture": "#sign" },
				"south": { "uv": [ 2, 0, 1, 2 ], "texture": "#sign" },
				"east": { "uv": [ 2, 10, 3, 12 ], "texture": "#sign" }
			}
		},
		{
			"__comment": "Voxels",
			"from": [ 14, 9.75, 3.9999 ],
			"to": [ 15, 10, 4.9999 ],
			"faces": {
				"down": { "uv": [ 15, 15, 16, 16 ], "texture": "#sign", "rotation": 180 },
				"north": { "uv": [ 15, 10, 16, 11 ], "texture": "#sign" },
				"west": { "uv": [ 16, 9, 15, 10 ], "texture": "#sign" },
				"east": { "uv": [ 5, 5, 6, 6 ], "texture": "#sign" }
			}
		},
		{
			"__comment": "Voxels",
			"from": [ 13, 9.75, 4.9999 ],
			"to": [ 15, 10, 5.9999 ],
			"faces": {
				"down": { "uv": [ 11, 13, 13, 14 ], "texture": "#sign", "rotation": 180 },
				"north": { "uv": [ 10, 11, 12, 12 ], "texture": "#sign" },
				"south": { "uv": [ 10, 11, 8, 12 ], "texture": "#sign" },
				"west": { "uv": [ 9, 8, 8, 9 ], "texture": "#sign" },
				"east": { "uv": [ 6, 1, 7, 2 ], "texture": "#sign" }
			}
		},
		{
			"__comment": "Voxels",
			"from": [ 12, 9.75, 5.9999 ],
			"to": [ 14, 10, 6.9999 ],
			"faces": {
				"down": { "uv": [ 7, 10, 9, 11 ], "texture": "#sign", "rotation": 180 },
				"north": { "uv": [ 13, 10, 15, 11 ], "texture": "#sign" },
				"south": { "uv": [ 13, 10, 11, 11 ], "texture": "#sign" },
				"east": { "uv": [ 14, 9, 15, 10 ], "texture": "#sign" }
			}
		},
		{
			"__comment": "Voxels",
			"from": [ 12, 9.75, 6.9999 ],
			"to": [ 13, 10, 9.9999 ],
			"faces": {
				"down": { "uv": [ 0, 11, 1, 14 ], "texture": "#sign", "rotation": 180 },
				"south": { "uv": [ 7, 6, 6, 7 ], "texture": "#sign" },
				"east": { "uv": [ 12, 15, 15, 16 ], "texture": "#sign" }
			}
		},
		{
			"__comment": "Voxels",
			"from": [ 13, 9.75, 8.9999 ],
			"to": [ 14, 10, 10.9999 ],
			"faces": {
				"down": { "uv": [ 3, 0, 4, 2 ], "texture": "#sign", "rotation": 180 },
				"north": { "uv": [ 5, 0, 6, 1 ], "texture": "#sign" },
				"south": { "uv": [ 6, 1, 5, 2 ], "texture": "#sign" },
				"west": { "uv": [ 7, 10, 5, 11 ], "texture": "#sign" },
				"east": { "uv": [ 14, 11, 16, 12 ], "texture": "#sign" }
			}
		},
		{
			"__comment": "Voxels",
			"from": [ 14.0001, 9.75, 9.9999 ],
			"to": [ 15.0001, 10, 11.9999 ],
			"faces": {
				"down": { "uv": [ 3, 4, 4, 6 ], "texture": "#sign", "rotation": 180 },
				"north": { "uv": [ 12, 9, 13, 10 ], "texture": "#sign" },
				"south": { "uv": [ 12, 9, 11, 10 ], "texture": "#sign" },
				"west": { "uv": [ 6, 11, 4, 12 ], "texture": "#sign" },
				"east": { "uv": [ 11, 12, 13, 13 ], "texture": "#sign" }
			}
		},
		{
			"__comment": "Voxels",
			"from": [ 10, 11, 7 ],
			"to": [ 11, 11.25, 9 ],
			"faces": {
				"up": { "uv": [ 5, 8, 6, 6 ], "texture": "#sign", "rotation": 180 },
				"north": { "uv": [ 7, 8, 8, 9 ], "texture": "#sign" },
				"south": { "uv": [ 7, 0, 6, 1 ], "texture": "#sign" },
				"west": { "uv": [ 14, 11, 12, 12 ], "texture": "#sign" }
			}
		},
		{
			"__comment": "Voxels",
			"from": [ 11, 11, 7 ],
			"to": [ 12, 11.25, 10 ],
			"faces": {
				"up": { "uv": [ 0, 11, 1, 8 ], "texture": "#sign", "rotation": 180 },
				"south": { "uv": [ 7, 6, 6, 7 ], "texture": "#sign" },
				"west": { "uv": [ 15, 14, 12, 15 ], "texture": "#sign" },
				"east": { "uv": [ 12, 15, 15, 16 ], "texture": "#sign" }
			}
		},
		{
			"__comment": "Voxels",
			"from": [ 12, 11, 9 ],
			"to": [ 13, 11.25, 11 ],
			"faces": {
				"up": { "uv": [ 4, 11, 5, 9 ], "texture": "#sign", "rotation": 180 },
				"north": { "uv": [ 5, 0, 6, 1 ], "texture": "#sign" },
				"south": { "uv": [ 6, 1, 5, 2 ], "texture": "#sign" },
				"west": { "uv": [ 7, 10, 5, 11 ], "texture": "#sign" },
				"east": { "uv": [ 14, 11, 16, 12 ], "texture": "#sign" }
			}
		},
		{
			"__comment": "Voxels",
			"from": [ 13, 11, 10 ],
			"to": [ 14, 11.25, 12 ],
			"faces": {
				"up": { "uv": [ 3, 4, 4, 2 ], "texture": "#sign", "rotation": 180 },
				"north": { "uv": [ 12, 9, 13, 10 ], "texture": "#sign" },
				"south": { "uv": [ 12, 9, 11, 10 ], "texture": "#sign" },
				"west": { "uv": [ 6, 11, 4, 12 ], "texture": "#sign" }
			}
		},
		{
			"__comment": "Voxels",
			"from": [ 11, 11, 5.9999 ],
			"to": [ 13, 11.25, 6.9999 ],
			"faces": {
				"up": { "uv": [ 9, 11, 11, 10 ], "texture": "#sign", "rotation": 180 },
				"north": { "uv": [ 13, 10, 15, 11 ], "texture": "#sign" },
				"south": { "uv": [ 13, 10, 11, 11 ], "texture": "#sign" },
				"west": { "uv": [ 10, 8, 9, 9 ], "texture": "#sign" },
				"east": { "uv": [ 14, 9, 15, 10 ], "texture": "#sign" }
			}
		},
		{
			"__comment": "Voxels",
			"from": [ 12, 11, 4.9999 ],
			"to": [ 14, 11.25, 5.9999 ],
			"faces": {
				"up": { "uv": [ 6, 12, 8, 11 ], "texture": "#sign", "rotation": 180 },
				"north": { "uv": [ 10, 11, 12, 12 ], "texture": "#sign" },
				"south": { "uv": [ 10, 11, 8, 12 ], "texture": "#sign" },
				"west": { "uv": [ 9, 8, 8, 9 ], "texture": "#sign" }
			}
		},
		{
			"__comment": "Voxels",
			"from": [ 13, 11, 3.9999 ],
			"to": [ 14, 11.25, 4.9999 ],
			"faces": {
				"up": { "uv": [ 15, 15, 16, 14 ], "texture": "#sign", "rotation": 180 },
				"north": { "uv": [ 15, 10, 16, 11 ], "texture": "#sign" },
				"west": { "uv": [ 16, 9, 15, 10 ], "texture": "#sign" }
			}
		},
		{
			"__comment": "Voxels",
			"from": [ 14.0002, 13, 14.9999 ],
			"to": [ 15.0002, 15, 15.9999 ],
			"faces": {
				"down": { "uv": [ 6, 7, 7, 8 ], "texture": "#sign", "rotation": 90 },
				"south": { "uv": [ 3, 8, 4, 10 ], "texture": "#sign" },
				"west": { "uv": [ 16, 12, 15, 14 ], "texture": "#sign" },
				"east": { "uv": [ 3, 10, 4, 12 ], "texture": "#sign" }
			}
		},
		{
			"__comment": "Voxels",
			"from": [ 12.0002, 11, 14.9999 ],
			"to": [ 14.0002, 13, 15.9999 ],
			"faces": {
				"up": { "uv": [ 1, 14, 2, 12 ], "texture": "#sign", "rotation": 270 },
				"south": { "uv": [ 0, 14, 2, 16 ], "texture": "#sign" },
				"west": { "uv": [ 2, 10, 1, 12 ], "texture": "#sign" },
				"east": { "uv": [ 1, 8, 2, 10 ], "texture": "#sign" }
			}
		},
		{
			"__comment": "Voxels",
			"from": [ 11.0002, 13, 15 ],
			"to": [ 12.0002, 15, 16 ],
			"faces": {
				"down": { "uv": [ 6, 8, 7, 9 ], "texture": "#sign", "rotation": 90 },
				"south": { "uv": [ 2, 4, 3, 6 ], "texture": "#sign" },
				"west": { "uv": [ 7, 12, 6, 14 ], "texture": "#sign" },
				"east": { "uv": [ 13, 12, 14, 14 ], "texture": "#sign" }
			}
		},
		{
			"__comment": "Voxels",
			"from": [ 9.0001, 13, 15 ],
			"to": [ 10.0001, 15, 16 ],
			"faces": {
				"down": { "uv": [ 6, 3, 7, 4 ], "texture": "#sign", "rotation": 90 },
				"south": { "uv": [ 1, 2, 2, 4 ], "texture": "#sign" },
				"west": { "uv": [ 15, 12, 14, 14 ], "texture": "#sign" },
				"east": { "uv": [ 1, 4, 2, 6 ], "texture": "#sign" }
			}
		},
		{
			"__comment": "Voxels",
			"from": [ 7.0002, 11, 15 ],
			"to": [ 9.0002, 13, 16 ],
			"faces": {
				"up": { "uv": [ 0, 8, 1, 6 ], "texture": "#sign", "rotation": 270 },
				"south": { "uv": [ 4, 14, 6, 16 ], "texture": "#sign" },
				"west": { "uv": [ 2, 6, 1, 8 ], "texture": "#sign" },
				"east": { "uv": [ 0, 2, 1, 4 ], "texture": "#sign" }
			}
		},
		{
			"__comment": "Voxels",
			"from": [ 6.0002, 13, 15 ],
			"to": [ 7.0002, 15, 16 ],
			"faces": {
				"down": { "uv": [ 9, 9, 10, 10 ], "texture": "#sign", "rotation": 90 },
				"south": { "uv": [ 9, 12, 10, 14 ], "texture": "#sign" },
				"west": { "uv": [ 8, 12, 7, 14 ], "texture": "#sign" },
				"east": { "uv": [ 8, 12, 9, 14 ], "texture": "#sign" }
			}
		},
		{
			"__comment": "Voxels",
			"from": [ 4.0001, 13, 15 ],
			"to": [ 5.0001, 15, 16 ],
			"faces": {
				"down": { "uv": [ 5, 2, 6, 3 ], "texture": "#sign", "rotation": 90 },
				"south": { "uv": [ 3, 12, 4, 14 ], "texture": "#sign" },
				"west": { "uv": [ 3, 2, 2, 4 ], "texture": "#sign" },
				"east": { "uv": [ 2, 0, 3, 2 ], "texture": "#sign" }
			}
		},
		{
			"__comment": "Voxels",
			"from": [ 2.0002, 11, 15.0001 ],
			"to": [ 4.0002, 13, 16.0001 ],
			"faces": {
				"up": { "uv": [ 4, 9, 5, 7 ], "texture": "#sign", "rotation": 270 },
				"south": { "uv": [ 8, 14, 10, 16 ], "texture": "#sign" },
				"west": { "uv": [ 5, 5, 4, 7 ], "texture": "#sign" },
				"east": { "uv": [ 4, 3, 5, 5 ], "texture": "#sign" }
			}
		},
		{
			"__comment": "Voxels",
			"from": [ 1.0001, 13, 15.0002 ],
			"to": [ 2.0001, 15, 16.0002 ],
			"faces": {
				"down": { "uv": [ 5, 4, 6, 5 ], "texture": "#sign", "rotation": 90 },
				"south": { "uv": [ 2, 10, 3, 12 ], "texture": "#sign" },
				"west": { "uv": [ 2, 0, 1, 2 ], "texture": "#sign" },
				"east": { "uv": [ 2, 12, 3, 14 ], "texture": "#sign" }
			}
		},
		{
			"__comment": "Voxels",
			"from": [ 7.0001, 5, 11.25 ],
			"to": [ 9.000099, 7, 12.25 ],
			"faces": {
				"down": { "uv": [ 0, 4, 1, 6 ], "texture": "#sign", "rotation": 90 },
				"up": { "uv": [ 4, 9, 5, 7 ], "texture": "#sign", "rotation": 270 },
				"south": { "uv": [ 8, 14, 10, 16 ], "texture": "#sign" },
				"west": { "uv": [ 5, 5, 4, 7 ], "texture": "#sign" },
				"east": { "uv": [ 4, 3, 5, 5 ], "texture": "#sign" }
			}
		},
		{
			"__comment": "Voxels",
			"from": [ 9.0001, 7, 11.25 ],
			"to": [ 10.0001, 9, 12.25 ],
			"faces": {
				"down": { "uv": [ 5, 2, 6, 3 ], "texture": "#sign", "rotation": 90 },
				"up": { "uv": [ 8, 10, 9, 9 ], "texture": "#sign", "rotation": 270 },
				"south": { "uv": [ 3, 12, 4, 14 ], "texture": "#sign" },
				"west": { "uv": [ 3, 2, 2, 4 ], "texture": "#sign" },
				"east": { "uv": [ 2, 0, 3, 2 ], "texture": "#sign" }
			}
		},
		{
			"__comment": "Voxels",
			"from": [ 6, 7, 11.25 ],
			"to": [ 7, 9, 12.25 ],
			"faces": {
				"down": { "uv": [ 5, 4, 6, 5 ], "texture": "#sign", "rotation": 90 },
				"up": { "uv": [ 5, 4, 6, 3 ], "texture": "#sign", "rotation": 270 },
				"south": { "uv": [ 2, 10, 3, 12 ], "texture": "#sign" },
				"west": { "uv": [ 2, 0, 1, 2 ], "texture": "#sign" },
				"east": { "uv": [ 2, 12, 3, 14 ], "texture": "#sign" }
			}
		},
		{
			"__comment": "Voxels",
			"from": [ 11.0001, 9.75, 14 ],
			"to": [ 12.0001, 10, 15 ],
			"faces": {
				"down": { "uv": [ 15, 15, 16, 16 ], "texture": "#sign", "rotation": 90 },
				"north": { "uv": [ 16, 9, 15, 10 ], "texture": "#sign" },
				"south": { "uv": [ 5, 5, 6, 6 ], "texture": "#sign" },
				"east": { "uv": [ 15, 10, 16, 11 ], "texture": "#sign" }
			}
		},
		{
			"__comment": "Voxels",
			"from": [ 10.0001, 9.75, 13 ],
			"to": [ 11.0001, 10, 15 ],
			"faces": {
				"down": { "uv": [ 11, 13, 13, 14 ], "texture": "#sign", "rotation": 90 },
				"north": { "uv": [ 9, 8, 8, 9 ], "texture": "#sign" },
				"south": { "uv": [ 6, 1, 7, 2 ], "texture": "#sign" },
				"west": { "uv": [ 10, 11, 8, 12 ], "texture": "#sign" },
				"east": { "uv": [ 10, 11, 12, 12 ], "texture": "#sign" }
			}
		},
		{
			"__comment": "Voxels",
			"from": [ 9.0001, 9.75, 12 ],
			"to": [ 10.0001, 10, 14 ],
			"faces": {
				"down": { "uv": [ 7, 10, 9, 11 ], "texture": "#sign", "rotation": 90 },
				"south": { "uv": [ 14, 9, 15, 10 ], "texture": "#sign" },
				"west": { "uv": [ 13, 10, 11, 11 ], "texture": "#sign" },
				"east": { "uv": [ 13, 10, 15, 11 ], "texture": "#sign" }
			}
		},
		{
			"__comment": "Voxels",
			"from": [ 6.0001, 9.75, 12 ],
			"to": [ 9.000099, 10, 13 ],
			"faces": {
				"down": { "uv": [ 0, 11, 1, 14 ], "texture": "#sign", "rotation": 90 },
				"south": { "uv": [ 12, 15, 15, 16 ], "texture": "#sign" },
				"west": { "uv": [ 7, 6, 6, 7 ], "texture": "#sign" }
			}
		},
		{
			"__comment": "Voxels",
			"from": [ 5.0001, 9.75, 13 ],
			"to": [ 7.0001, 10, 14 ],
			"faces": {
				"down": { "uv": [ 3, 0, 4, 2 ], "texture": "#sign", "rotation": 90 },
				"north": { "uv": [ 7, 10, 5, 11 ], "texture": "#sign" },
				"south": { "uv": [ 14, 11, 16, 12 ], "texture": "#sign" },
				"west": { "uv": [ 6, 1, 5, 2 ], "texture": "#sign" },
				"east": { "uv": [ 5, 0, 6, 1 ], "texture": "#sign" }
			}
		},
		{
			"__comment": "Voxels",
			"from": [ 4.0001, 9.75, 14.0001 ],
			"to": [ 6.0001, 10, 15.0001 ],
			"faces": {
				"down": { "uv": [ 3, 4, 4, 6 ], "texture": "#sign", "rotation": 90 },
				"north": { "uv": [ 6, 11, 4, 12 ], "texture": "#sign" },
				"south": { "uv": [ 11, 12, 13, 13 ], "texture": "#sign" },
				"west": { "uv": [ 12, 9, 11, 10 ], "texture": "#sign" },
				"east": { "uv": [ 12, 9, 13, 10 ], "texture": "#sign" }
			}
		},
		{
			"__comment": "Voxels",
			"from": [ 7, 11, 10 ],
			"to": [ 9, 11.25, 11 ],
			"faces": {
				"up": { "uv": [ 5, 8, 6, 6 ], "texture": "#sign", "rotation": 270 },
				"north": { "uv": [ 14, 11, 12, 12 ], "texture": "#sign" },
				"west": { "uv": [ 7, 0, 6, 1 ], "texture": "#sign" },
				"east": { "uv": [ 7, 8, 8, 9 ], "texture": "#sign" }
			}
		},
		{
			"__comment": "Voxels",
			"from": [ 6.0001, 11, 11 ],
			"to": [ 9.000099, 11.25, 12 ],
			"faces": {
				"up": { "uv": [ 0, 11, 1, 8 ], "texture": "#sign", "rotation": 270 },
				"north": { "uv": [ 15, 14, 12, 15 ], "texture": "#sign" },
				"south": { "uv": [ 12, 15, 15, 16 ], "texture": "#sign" },
				"west": { "uv": [ 7, 6, 6, 7 ], "texture": "#sign" }
			}
		},
		{
			"__comment": "Voxels",
			"from": [ 5, 11, 12 ],
			"to": [ 7, 11.25, 13 ],
			"faces": {
				"up": { "uv": [ 4, 11, 5, 9 ], "texture": "#sign", "rotation": 270 },
				"north": { "uv": [ 7, 10, 5, 11 ], "texture": "#sign" },
				"south": { "uv": [ 14, 11, 16, 12 ], "texture": "#sign" },
				"west": { "uv": [ 6, 1, 5, 2 ], "texture": "#sign" },
				"east": { "uv": [ 5, 0, 6, 1 ], "texture": "#sign" }
			}
		},
		{
			"__comment": "Voxels",
			"from": [ 4.0001, 11, 13.0001 ],
			"to": [ 6.0001, 11.25, 14.0001 ],
			"faces": {
				"up": { "uv": [ 3, 4, 4, 2 ], "texture": "#sign", "rotation": 270 },
				"north": { "uv": [ 6, 11, 4, 12 ], "texture": "#sign" },
				"west": { "uv": [ 12, 9, 11, 10 ], "texture": "#sign" },
				"east": { "uv": [ 12, 9, 13, 10 ], "texture": "#sign" }
			}
		},
		{
			"__comment": "Voxels",
			"from": [ 9.0001, 11, 11 ],
			"to": [ 10.0001, 11.25, 13 ],
			"faces": {
				"up": { "uv": [ 9, 11, 11, 10 ], "texture": "#sign", "rotation": 270 },
				"north": { "uv": [ 10, 8, 9, 9 ], "texture": "#sign" },
				"south": { "uv": [ 14, 9, 15, 10 ], "texture": "#sign" },
				"west": { "uv": [ 13, 10, 11, 11 ], "texture": "#sign" },
				"east": { "uv": [ 13, 10, 15, 11 ], "texture": "#sign" }
			}
		},
		{
			"__comment": "Voxels",
			"from": [ 10.0001, 11, 12 ],
			"to": [ 11.0001, 11.25, 14 ],
			"faces": {
				"up": { "uv": [ 6, 12, 8, 11 ], "texture": "#sign", "rotation": 270 },
				"north": { "uv": [ 9, 8, 8, 9 ], "texture": "#sign" },
				"west": { "uv": [ 10, 11, 8, 12 ], "texture": "#sign" },
				"east": { "uv": [ 10, 11, 12, 12 ], "texture": "#sign" }
			}
		},
		{
			"__comment": "Voxels",
			"from": [ 11.0001, 11, 13 ],
			"to": [ 12.0001, 11.25, 14 ],
			"faces": {
				"up": { "uv": [ 15, 15, 16, 14 ], "texture": "#sign", "rotation": 270 },
				"north": { "uv": [ 16, 9, 15, 10 ], "texture": "#sign" },
				"east": { "uv": [ 15, 10, 16, 11 ], "texture": "#sign" }
			}
		}
	]
}