{
	"__comment": "Designed by XeKr with Cubik Studio - https://cubik.studio",
	"ambientocclusion": false,
	"textures": {
		"particle": "block/hopper_outside",
		"top": "block/hopper_top",
		"side": "block/hopper_outside",
		"inside": "block/hopper_inside",
		"sign": "block/yellow_terracotta"
	},
	"elements": [ 	 
		{
			"__comment": "Element",
			"from": [ 0, 10, 0 ],
			"to": [ 16, 11, 16 ],
			"faces": {
				"down": { "uv": [ 0, 0, 16, 16 ], "texture": "#side" },
				"up": { "uv": [ 0, 0, 16, 16 ], "texture": "#inside" },
				"north": { "uv": [ 0, 5, 16, 6 ], "texture": "#side" },
				"south": { "uv": [ 0, 5, 16, 6 ], "texture": "#side" },
				"west": { "uv": [ 0, 5, 16, 6 ], "texture": "#side" },
				"east": { "uv": [ 0, 5, 16, 6 ], "texture": "#side" }
			}
		},
		{
			"__comment": "Element",
			"from": [ 0.25, 11, 0.25 ],
			"to": [ 2, 15, 15.75 ],
			"faces": {
				"north": { "uv": [ 14, 1, 15.75, 5 ], "texture": "#side" },
				"south": { "uv": [ 0.25, 1, 2, 5 ], "texture": "#side" },
				"west": { "uv": [ 0.25, 1, 15.75, 5 ], "texture": "#side" },
				"east": { "uv": [ 0.25, 1, 15.75, 5 ], "texture": "#side" }
			}
		},
		{
			"__comment": "Element",
			"from": [ 14, 11, 0.25 ],
			"to": [ 15.75, 15, 15.75 ],
			"faces": {
				"north": { "uv": [ 0.25, 1, 2, 5 ], "texture": "#side" },
				"south": { "uv": [ 14, 1, 15.75, 5 ], "texture": "#side" },
				"west": { "uv": [ 0.25, 1, 15.75, 5 ], "texture": "#side" },
				"east": { "uv": [ 0.25, 1, 15.75, 5 ], "texture": "#side" }
			}
		},
		{
			"__comment": "Element",
			"from": [ 2, 11, 0.25 ],
			"to": [ 14, 15, 2 ],
			"faces": {
				"north": { "uv": [ 2, 1, 14, 5 ], "texture": "#side" },
				"south": { "uv": [ 2, 1, 14, 5 ], "texture": "#side" }
			}
		},
		{
			"__comment": "Element",
			"from": [ 2, 11, 14 ],
			"to": [ 14, 15, 15.75 ],
			"faces": {
				"north": { "uv": [ 2, 1, 14, 5 ], "texture": "#side" },
				"south": { "uv": [ 2, 1, 14, 5 ], "texture": "#side" }
			}
		},
		{
			"__comment": "Element",
			"from": [ 4, 4, 4 ],
			"to": [ 12, 10, 12 ],
			"faces": {
				"down": { "uv": [ 4, 4, 12, 12 ], "texture": "#side" },
				"north": { "uv": [ 4, 6, 12, 12 ], "texture": "#side" },
				"south": { "uv": [ 4, 6, 12, 12 ], "texture": "#side" },
				"west": { "uv": [ 4, 6, 12, 12 ], "texture": "#side" },
				"east": { "uv": [ 4, 6, 12, 12 ], "texture": "#side" }
			}
		},
		{
			"__comment": "Element",
			"from": [ 6, 4, 0 ],
			"to": [ 10, 8, 4 ],
			"faces": {
				"down": { "uv": [ 6, 12, 10, 16 ], "texture": "#side" },
				"up": { "uv": [ 10, 16, 6, 12 ], "texture": "#side" },
				"north": { "uv": [ 10, 10, 6, 6 ], "texture": "#side" },
				"west": { "uv": [ 6, 12, 10, 16 ], "texture": "#side", "rotation": 90 },
				"east": { "uv": [ 6, 12, 10, 16 ], "texture": "#side", "rotation": 270 }
			}
		},
		{
			"__comment": "Element",
			"from": [ 0, 15, 0 ],
			"to": [ 2, 16, 16 ],
			"faces": {
				"down": { "uv": [ 0, 0, 2, 16 ], "texture": "#side" },
				"up": { "uv": [ 0, 0, 2, 16 ], "texture": "#top" },
				"north": { "uv": [ 14, 0, 16, 1 ], "texture": "#side" },
				"south": { "uv": [ 0, 0, 2, 1 ], "texture": "#side" },
				"west": { "uv": [ 0, 0, 16, 1 ], "texture": "#side" },
				"east": { "uv": [ 0, 0, 16, 1 ], "texture": "#side" }
			}
		},
		{
			"__comment": "Element",
			"from": [ 2, 15, 0 ],
			"to": [ 14, 16, 2 ],
			"faces": {
				"down": { "uv": [ 2, 14, 14, 16 ], "texture": "#side" },
				"up": { "uv": [ 2, 0, 14.25, 2 ], "texture": "#top" },
				"north": { "uv": [ 2, 0, 14, 1 ], "texture": "#side" },
				"south": { "uv": [ 2, 0, 14, 1 ], "texture": "#side" }
			}
		},
		{
			"__comment": "Element",
			"from": [ 14, 15, 0 ],
			"to": [ 16, 16, 16 ],
			"faces": {
				"down": { "uv": [ 14, 0, 16, 16 ], "texture": "#side" },
				"up": { "uv": [ 14, 0, 16, 16 ], "texture": "#top" },
				"north": { "uv": [ 0, 0, 2, 1 ], "texture": "#side" },
				"south": { "uv": [ 14, 0, 16, 1 ], "texture": "#side" },
				"west": { "uv": [ 0, 0, 16, 1 ], "texture": "#side" },
				"east": { "uv": [ 0, 0, 16, 1 ], "texture": "#side" }
			}
		},
		{
			"__comment": "Element",
			"from": [ 2, 15, 14 ],
			"to": [ 14, 16, 16 ],
			"faces": {
				"down": { "uv": [ 2, 0, 14, 2 ], "texture": "#side" },
				"up": { "uv": [ 2, 14, 14, 16 ], "texture": "#top" },
				"north": { "uv": [ 2, 0, 14, 1 ], "texture": "#side" },
				"south": { "uv": [ 2, 0, 14, 1 ], "texture": "#side" }
			}
		},
		{
			"__comment": "Voxels",
			"from": [ 0, 11, 1 ],
			"to": [ 0.25, 15, 2 ],
			"faces": {
				"down": { "uv": [ 6, 11, 7, 12 ], "texture": "#sign" },
				"up": { "uv": [ 7, 12, 8, 11 ], "texture": "#sign" },
				"north": { "uv": [ 1, 4, 0, 8 ], "texture": "#sign" },
				"south": { "uv": [ 0, 0, 1, 4 ], "texture": "#sign" },
				"west": { "uv": [ 1, 12, 2, 16 ], "texture": "#sign" },
				"east": { "uv": [ 2, 8, 1, 12 ], "texture": "#sign" }
			}
		},
		{
			"__comment": "Voxels",
			"from": [ 0, 11, 2 ],
			"to": [ 0.25, 12, 3 ],
			"faces": {
				"down": { "uv": [ 8, 11, 9, 12 ], "texture": "#sign" },
				"up": { "uv": [ 9, 12, 10, 11 ], "texture": "#sign" },
				"north": { "uv": [ 13, 11, 12, 12 ], "texture": "#sign" },
				"south": { "uv": [ 13, 11, 14, 12 ], "texture": "#sign" },
				"west": { "uv": [ 14, 11, 15, 12 ], "texture": "#sign" },
				"east": { "uv": [ 16, 11, 15, 12 ], "texture": "#sign" }
			}
		},
		{
			"__comment": "Voxels",
			"from": [ 0, 11, 5 ],
			"to": [ 0.25, 15, 6 ],
			"faces": {
				"down": { "uv": [ 4, 8, 5, 9 ], "texture": "#sign" },
				"up": { "uv": [ 4, 8, 5, 7 ], "texture": "#sign" },
				"north": { "uv": [ 6, 12, 5, 16 ], "texture": "#sign" },
				"south": { "uv": [ 6, 12, 7, 16 ], "texture": "#sign" },
				"west": { "uv": [ 0, 12, 1, 16 ], "texture": "#sign" },
				"east": { "uv": [ 1, 8, 0, 12 ], "texture": "#sign" }
			}
		},
		{
			"__comment": "Voxels",
			"from": [ 0, 11, 6 ],
			"to": [ 0.25, 12, 7 ],
			"faces": {
				"down": { "uv": [ 4, 6, 5, 7 ], "texture": "#sign" },
				"up": { "uv": [ 4, 6, 5, 5 ], "texture": "#sign" },
				"north": { "uv": [ 5, 2, 4, 3 ], "texture": "#sign" },
				"south": { "uv": [ 4, 1, 5, 2 ], "texture": "#sign" },
				"west": { "uv": [ 4, 0, 5, 1 ], "texture": "#sign" },
				"east": { "uv": [ 6, 10, 5, 11 ], "texture": "#sign" }
			}
		},
		{
			"__comment": "Voxels",
			"from": [ 0, 11, 9 ],
			"to": [ 0.25, 15, 10 ],
			"faces": {
				"down": { "uv": [ 14, 13, 15, 14 ], "texture": "#sign" },
				"up": { "uv": [ 15, 14, 16, 13 ], "texture": "#sign" },
				"north": { "uv": [ 2, 4, 1, 8 ], "texture": "#sign" },
				"south": { "uv": [ 1, 0, 2, 4 ], "texture": "#sign" },
				"west": { "uv": [ 2, 12, 3, 16 ], "texture": "#sign" },
				"east": { "uv": [ 3, 8, 2, 12 ], "texture": "#sign" }
			}
		},
		{
			"__comment": "Voxels",
			"from": [ 0, 11, 10 ],
			"to": [ 0.25, 12, 11 ],
			"faces": {
				"down": { "uv": [ 14, 12, 15, 13 ], "texture": "#sign" },
				"up": { "uv": [ 15, 13, 16, 12 ], "texture": "#sign" },
				"north": { "uv": [ 4, 11, 3, 12 ], "texture": "#sign" },
				"south": { "uv": [ 3, 10, 4, 11 ], "texture": "#sign" },
				"west": { "uv": [ 3, 9, 4, 10 ], "texture": "#sign" },
				"east": { "uv": [ 4, 8, 3, 9 ], "texture": "#sign" }
			}
		},
		{
			"__comment": "Voxels",
			"from": [ 0, 11, 13 ],
			"to": [ 0.25, 15, 14 ],
			"faces": {
				"down": { "uv": [ 3, 7, 4, 8 ], "texture": "#sign" },
				"up": { "uv": [ 3, 7, 4, 6 ], "texture": "#sign" },
				"north": { "uv": [ 3, 4, 2, 8 ], "texture": "#sign" },
				"south": { "uv": [ 2, 0, 3, 4 ], "texture": "#sign" },
				"west": { "uv": [ 3, 12, 4, 16 ], "texture": "#sign" },
				"east": { "uv": [ 5, 12, 4, 16 ], "texture": "#sign" }
			}
		},
		{
			"__comment": "Voxels",
			"from": [ 0, 11, 14 ],
			"to": [ 0.25, 12, 15 ],
			"faces": {
				"down": { "uv": [ 3, 5, 4, 6 ], "texture": "#sign" },
				"up": { "uv": [ 3, 5, 4, 4 ], "texture": "#sign" },
				"north": { "uv": [ 4, 3, 3, 4 ], "texture": "#sign" },
				"south": { "uv": [ 3, 2, 4, 3 ], "texture": "#sign" },
				"west": { "uv": [ 3, 1, 4, 2 ], "texture": "#sign" },
				"east": { "uv": [ 4, 0, 3, 1 ], "texture": "#sign" }
			}
		},
		{
			"__comment": "Voxels",
			"from": [ 0, 12, 0 ],
			"to": [ 0.25, 14, 1 ],
			"faces": {
				"down": { "uv": [ 4, 11, 5, 12 ], "texture": "#sign" },
				"up": { "uv": [ 5, 12, 6, 11 ], "texture": "#sign" },
				"north": { "uv": [ 8, 14, 7, 16 ], "texture": "#sign" },
				"south": { "uv": [ 7, 12, 8, 14 ], "texture": "#sign" },
				"west": { "uv": [ 8, 14, 9, 16 ], "texture": "#sign" },
				"east": { "uv": [ 9, 12, 8, 14 ], "texture": "#sign" }
			}
		},
		{
			"__comment": "Voxels",
			"from": [ 0, 12, 4 ],
			"to": [ 0.25, 14, 5 ],
			"faces": {
				"down": { "uv": [ 10, 11, 11, 12 ], "texture": "#sign" },
				"up": { "uv": [ 11, 12, 12, 11 ], "texture": "#sign" },
				"north": { "uv": [ 10, 14, 9, 16 ], "texture": "#sign" },
				"south": { "uv": [ 9, 12, 10, 14 ], "texture": "#sign" },
				"west": { "uv": [ 10, 14, 11, 16 ], "texture": "#sign" },
				"east": { "uv": [ 11, 12, 10, 14 ], "texture": "#sign" }
			}
		},
		{
			"__comment": "Voxels",
			"from": [ 0, 12, 8 ],
			"to": [ 0.25, 14, 9 ],
			"faces": {
				"down": { "uv": [ 4, 10, 5, 11 ], "texture": "#sign" },
				"up": { "uv": [ 4, 10, 5, 9 ], "texture": "#sign" },
				"north": { "uv": [ 12, 14, 11, 16 ], "texture": "#sign" },
				"south": { "uv": [ 11, 12, 12, 14 ], "texture": "#sign" },
				"west": { "uv": [ 12, 14, 13, 16 ], "texture": "#sign" },
				"east": { "uv": [ 13, 12, 12, 14 ], "texture": "#sign" }
			}
		},
		{
			"__comment": "Voxels",
			"from": [ 0, 12, 12 ],
			"to": [ 0.25, 14, 13 ],
			"faces": {
				"down": { "uv": [ 4, 4, 5, 5 ], "texture": "#sign" },
				"up": { "uv": [ 4, 4, 5, 3 ], "texture": "#sign" },
				"north": { "uv": [ 14, 14, 13, 16 ], "texture": "#sign" },
				"south": { "uv": [ 14, 14, 15, 16 ], "texture": "#sign" },
				"west": { "uv": [ 15, 14, 16, 16 ], "texture": "#sign" },
				"east": { "uv": [ 14, 12, 13, 14 ], "texture": "#sign" }
			}
		},
		{
			"__comment": "Voxels",
			"from": [ 0, 14, 2 ],
			"to": [ 0.25, 15, 3 ],
			"faces": {
				"down": { "uv": [ 6, 10, 7, 11 ], "texture": "#sign" },
				"up": { "uv": [ 7, 11, 8, 10 ], "texture": "#sign" },
				"north": { "uv": [ 9, 10, 8, 11 ], "texture": "#sign" },
				"south": { "uv": [ 9, 10, 10, 11 ], "texture": "#sign" },
				"west": { "uv": [ 10, 10, 11, 11 ], "texture": "#sign" },
				"east": { "uv": [ 12, 10, 11, 11 ], "texture": "#sign" }
			}
		},
		{
			"__comment": "Voxels",
			"from": [ 0, 14, 6 ],
			"to": [ 0.25, 15, 7 ],
			"faces": {
				"down": { "uv": [ 12, 10, 13, 11 ], "texture": "#sign" },
				"up": { "uv": [ 13, 11, 14, 10 ], "texture": "#sign" },
				"north": { "uv": [ 15, 10, 14, 11 ], "texture": "#sign" },
				"south": { "uv": [ 15, 10, 16, 11 ], "texture": "#sign" },
				"west": { "uv": [ 5, 9, 6, 10 ], "texture": "#sign" },
				"east": { "uv": [ 6, 8, 5, 9 ], "texture": "#sign" }
			}
		},
		{
			"__comment": "Voxels",
			"from": [ 0, 14, 10 ],
			"to": [ 0.25, 15, 11 ],
			"faces": {
				"down": { "uv": [ 5, 7, 6, 8 ], "texture": "#sign" },
				"up": { "uv": [ 5, 7, 6, 6 ], "texture": "#sign" },
				"north": { "uv": [ 6, 5, 5, 6 ], "texture": "#sign" },
				"south": { "uv": [ 5, 4, 6, 5 ], "texture": "#sign" },
				"west": { "uv": [ 5, 3, 6, 4 ], "texture": "#sign" },
				"east": { "uv": [ 6, 2, 5, 3 ], "texture": "#sign" }
			}
		},
		{
			"__comment": "Voxels",
			"from": [ 0, 14, 14 ],
			"to": [ 0.25, 15, 15 ],
			"faces": {
				"down": { "uv": [ 5, 1, 6, 2 ], "texture": "#sign" },
				"up": { "uv": [ 5, 1, 6, 0 ], "texture": "#sign" },
				"north": { "uv": [ 7, 9, 6, 10 ], "texture": "#sign" },
				"south": { "uv": [ 7, 9, 8, 10 ], "texture": "#sign" },
				"west": { "uv": [ 8, 9, 9, 10 ], "texture": "#sign" },
				"east": { "uv": [ 10, 9, 9, 10 ], "texture": "#sign" }
			}
		},
		{
			"__comment": "Voxels",
			"from": [ 1, 12, 15.75 ],
			"to": [ 15, 14, 16 ],
			"faces": {
				"down": { "uv": [ 0, 11, 14, 12 ], "texture": "#sign" },
				"up": { "uv": [ 0, 11, 14, 10 ], "texture": "#sign" },
				"north": { "uv": [ 14, 14, 0, 16 ], "texture": "#sign" },
				"south": { "uv": [ 0, 12, 14, 14 ], "texture": "#sign" },
				"west": { "uv": [ 14, 14, 15, 16 ], "texture": "#sign" },
				"east": { "uv": [ 16, 14, 15, 16 ], "texture": "#sign" }
			}
		},
		{
			"__comment": "Voxels",
			"from": [ 4, 11, 0 ],
			"to": [ 5, 13, 0.25 ],
			"faces": {
				"down": { "uv": [ 4, 3, 5, 4 ], "texture": "#sign" },
				"up": { "uv": [ 4, 3, 5, 2 ], "texture": "#sign" },
				"north": { "uv": [ 1, 8, 0, 10 ], "texture": "#sign" },
				"south": { "uv": [ 0, 6, 1, 8 ], "texture": "#sign" },
				"west": { "uv": [ 0, 4, 1, 6 ], "texture": "#sign" },
				"east": { "uv": [ 1, 2, 0, 4 ], "texture": "#sign" }
			}
		},
		{
			"__comment": "Voxels",
			"from": [ 4, 14, 0 ],
			"to": [ 5, 15, 0.25 ],
			"faces": {
				"down": { "uv": [ 5, 3, 6, 4 ], "texture": "#sign" },
				"up": { "uv": [ 5, 3, 6, 2 ], "texture": "#sign" },
				"north": { "uv": [ 6, 1, 5, 2 ], "texture": "#sign" },
				"south": { "uv": [ 5, 0, 6, 1 ], "texture": "#sign" },
				"west": { "uv": [ 11, 9, 12, 10 ], "texture": "#sign" },
				"east": { "uv": [ 7, 3, 6, 4 ], "texture": "#sign" }
			}
		},
		{
			"__comment": "Voxels",
			"from": [ 5, 13, 0 ],
			"to": [ 6, 14, 0.25 ],
			"faces": {
				"down": { "uv": [ 6, 2, 7, 3 ], "texture": "#sign" },
				"up": { "uv": [ 6, 2, 7, 1 ], "texture": "#sign" },
				"north": { "uv": [ 4, 7, 3, 8 ], "texture": "#sign" },
				"south": { "uv": [ 3, 6, 4, 7 ], "texture": "#sign" },
				"west": { "uv": [ 3, 5, 4, 6 ], "texture": "#sign" },
				"east": { "uv": [ 4, 4, 3, 5 ], "texture": "#sign" }
			}
		},
		{
			"__comment": "Voxels",
			"from": [ 6, 12, 0 ],
			"to": [ 8, 13, 0.25 ],
			"faces": {
				"down": { "uv": [ 14, 11, 16, 12 ], "texture": "#sign" },
				"up": { "uv": [ 14, 11, 16, 10 ], "texture": "#sign" },
				"north": { "uv": [ 3, 9, 1, 10 ], "texture": "#sign" },
				"south": { "uv": [ 1, 8, 3, 9 ], "texture": "#sign" },
				"west": { "uv": [ 3, 3, 4, 4 ], "texture": "#sign" },
				"east": { "uv": [ 4, 2, 3, 3 ], "texture": "#sign" }
			}
		},
		{
			"__comment": "Voxels",
			"from": [ 7, 11, 0 ],
			"to": [ 8, 12, 0.25 ],
			"faces": {
				"down": { "uv": [ 4, 4, 5, 5 ], "texture": "#sign" },
				"up": { "uv": [ 3, 2, 4, 1 ], "texture": "#sign" },
				"north": { "uv": [ 4, 0, 3, 1 ], "texture": "#sign" },
				"south": { "uv": [ 4, 9, 5, 10 ], "texture": "#sign" },
				"west": { "uv": [ 4, 8, 5, 9 ], "texture": "#sign" },
				"east": { "uv": [ 5, 7, 4, 8 ], "texture": "#sign" }
			}
		},
		{
			"__comment": "Voxels",
			"from": [ 7, 13, 0 ],
			"to": [ 8, 15, 0.25 ],
			"faces": {
				"down": { "uv": [ 4, 6, 5, 7 ], "texture": "#sign" },
				"up": { "uv": [ 4, 6, 5, 5 ], "texture": "#sign" },
				"north": { "uv": [ 16, 12, 15, 14 ], "texture": "#sign" },
				"south": { "uv": [ 14, 12, 15, 14 ], "texture": "#sign" },
				"west": { "uv": [ 0, 0, 1, 2 ], "texture": "#sign" },
				"east": { "uv": [ 2, 6, 1, 8 ], "texture": "#sign" }
			}
		},
		{
			"__comment": "Voxels",
			"from": [ 9, 11, 0 ],
			"to": [ 10, 12, 0.25 ],
			"faces": {
				"down": { "uv": [ 4, 1, 5, 2 ], "texture": "#sign" },
				"up": { "uv": [ 4, 1, 5, 0 ], "texture": "#sign" },
				"north": { "uv": [ 6, 9, 5, 10 ], "texture": "#sign" },
				"south": { "uv": [ 5, 8, 6, 9 ], "texture": "#sign" },
				"west": { "uv": [ 5, 7, 6, 8 ], "texture": "#sign" },
				"east": { "uv": [ 6, 6, 5, 7 ], "texture": "#sign" }
			}
		},
		{
			"__comment": "Voxels",
			"from": [ 9, 13, 0 ],
			"to": [ 10, 15, 0.25 ],
			"faces": {
				"down": { "uv": [ 5, 5, 6, 6 ], "texture": "#sign" },
				"up": { "uv": [ 5, 5, 6, 4 ], "texture": "#sign" },
				"north": { "uv": [ 3, 6, 2, 8 ], "texture": "#sign" },
				"south": { "uv": [ 1, 4, 2, 6 ], "texture": "#sign" },
				"west": { "uv": [ 2, 4, 3, 6 ], "texture": "#sign" },
				"east": { "uv": [ 2, 2, 1, 4 ], "texture": "#sign" }
			}
		},
		{
			"__comment": "Voxels",
			"from": [ 10, 12, 0 ],
			"to": [ 11, 13, 0.25 ],
			"faces": {
				"down": { "uv": [ 6, 9, 7, 10 ], "texture": "#sign" },
				"up": { "uv": [ 7, 10, 8, 9 ], "texture": "#sign" },
				"north": { "uv": [ 9, 9, 8, 10 ], "texture": "#sign" },
				"south": { "uv": [ 9, 9, 10, 10 ], "texture": "#sign" },
				"west": { "uv": [ 10, 9, 11, 10 ], "texture": "#sign" },
				"east": { "uv": [ 7, 4, 6, 5 ], "texture": "#sign" }
			}
		},
		{
			"__comment": "Voxels",
			"from": [ 11, 13, 0 ],
			"to": [ 12, 14, 0.25 ],
			"faces": {
				"down": { "uv": [ 12, 9, 13, 10 ], "texture": "#sign" },
				"up": { "uv": [ 13, 10, 14, 9 ], "texture": "#sign" },
				"north": { "uv": [ 15, 9, 14, 10 ], "texture": "#sign" },
				"south": { "uv": [ 15, 9, 16, 10 ], "texture": "#sign" },
				"west": { "uv": [ 6, 8, 7, 9 ], "texture": "#sign" },
				"east": { "uv": [ 7, 7, 6, 8 ], "texture": "#sign" }
			}
		},
		{
			"__comment": "Voxels",
			"from": [ 12, 11, 0 ],
			"to": [ 13, 13, 0.25 ],
			"faces": {
				"down": { "uv": [ 6, 6, 7, 7 ], "texture": "#sign" },
				"up": { "uv": [ 6, 6, 7, 5 ], "texture": "#sign" },
				"north": { "uv": [ 3, 2, 2, 4 ], "texture": "#sign" },
				"south": { "uv": [ 1, 0, 2, 2 ], "texture": "#sign" },
				"west": { "uv": [ 2, 0, 3, 2 ], "texture": "#sign" },
				"east": { "uv": [ 4, 8, 3, 10 ], "texture": "#sign" }
			}
		},
		{
			"__comment": "Voxels",
			"from": [ 12, 14, 0 ],
			"to": [ 13, 15, 0.25 ],
			"faces": {
				"down": { "uv": [ 6, 0, 7, 1 ], "texture": "#sign" },
				"up": { "uv": [ 7, 9, 8, 8 ], "texture": "#sign" },
				"north": { "uv": [ 9, 8, 8, 9 ], "texture": "#sign" },
				"south": { "uv": [ 9, 8, 10, 9 ], "texture": "#sign" },
				"west": { "uv": [ 10, 8, 11, 9 ], "texture": "#sign" },
				"east": { "uv": [ 12, 8, 11, 9 ], "texture": "#sign" }
			}
		},
		{
			"__comment": "Voxels",
			"from": [ 2, 11, 2 ],
			"to": [ 3, 11.25, 3 ],
			"faces": {
				"down": { "uv": [ 15, 13, 16, 14 ], "texture": "#sign" },
				"up": { "uv": [ 8, 10, 9, 9 ], "texture": "#sign" },
				"north": { "uv": [ 10, 9, 9, 10 ], "texture": "#sign" },
				"south": { "uv": [ 8, 8, 9, 9 ], "texture": "#sign" },
				"west": { "uv": [ 9, 8, 10, 9 ], "texture": "#sign" },
				"east": { "uv": [ 11, 13, 10, 14 ], "texture": "#sign" }
			}
		},
		{
			"__comment": "Voxels",
			"from": [ 2, 11, 13 ],
			"to": [ 4, 11.25, 14 ],
			"faces": {
				"down": { "uv": [ 2, 9, 4, 10 ], "texture": "#sign" },
				"up": { "uv": [ 2, 9, 4, 8 ], "texture": "#sign" },
				"north": { "uv": [ 6, 15, 4, 16 ], "texture": "#sign" },
				"south": { "uv": [ 0, 11, 2, 12 ], "texture": "#sign" },
				"west": { "uv": [ 11, 13, 12, 14 ], "texture": "#sign" },
				"east": { "uv": [ 13, 13, 12, 14 ], "texture": "#sign" }
			}
		},
		{
			"__comment": "Voxels",
			"from": [ 3, 11, 12 ],
			"to": [ 5, 11.25, 13 ],
			"faces": {
				"down": { "uv": [ 4, 11, 6, 12 ], "texture": "#sign" },
				"up": { "uv": [ 4, 11, 6, 10 ], "texture": "#sign" },
				"north": { "uv": [ 6, 9, 4, 10 ], "texture": "#sign" },
				"south": { "uv": [ 4, 8, 6, 9 ], "texture": "#sign" },
				"west": { "uv": [ 13, 13, 14, 14 ], "texture": "#sign" },
				"east": { "uv": [ 15, 13, 14, 14 ], "texture": "#sign" }
			}
		},
		{
			"__comment": "Voxels",
			"from": [ 4, 11, 11 ],
			"to": [ 6, 11.25, 12 ],
			"faces": {
				"down": { "uv": [ 4, 14, 6, 15 ], "texture": "#sign" },
				"up": { "uv": [ 6, 13, 8, 12 ], "texture": "#sign" },
				"north": { "uv": [ 8, 11, 6, 12 ], "texture": "#sign" },
				"south": { "uv": [ 6, 10, 8, 11 ], "texture": "#sign" },
				"west": { "uv": [ 10, 12, 11, 13 ], "texture": "#sign" },
				"east": { "uv": [ 11, 11, 10, 12 ], "texture": "#sign" }
			}
		},
		{
			"__comment": "Voxels",
			"from": [ 5, 11, 10 ],
			"to": [ 7, 11.25, 11 ],
			"faces": {
				"down": { "uv": [ 8, 15, 10, 16 ], "texture": "#sign" },
				"up": { "uv": [ 10, 16, 12, 15 ], "texture": "#sign" },
				"north": { "uv": [ 14, 15, 12, 16 ], "texture": "#sign" },
				"south": { "uv": [ 14, 15, 16, 16 ], "texture": "#sign" },
				"west": { "uv": [ 10, 10, 11, 11 ], "texture": "#sign" },
				"east": { "uv": [ 11, 9, 10, 10 ], "texture": "#sign" }
			}
		},
		{
			"__comment": "Voxels",
			"from": [ 6, 11, 9 ],
			"to": [ 10, 11.25, 10 ],
			"faces": {
				"down": { "uv": [ 0, 13, 4, 14 ], "texture": "#sign" },
				"up": { "uv": [ 0, 13, 4, 12 ], "texture": "#sign" },
				"north": { "uv": [ 4, 15, 0, 16 ], "texture": "#sign" },
				"south": { "uv": [ 0, 14, 4, 15 ], "texture": "#sign" },
				"west": { "uv": [ 10, 8, 11, 9 ], "texture": "#sign" },
				"east": { "uv": [ 12, 12, 11, 13 ], "texture": "#sign" }
			}
		},
		{
			"__comment": "Voxels",
			"from": [ 7, 11, 8 ],
			"to": [ 9, 11.25, 9 ],
			"faces": {
				"down": { "uv": [ 8, 13, 10, 14 ], "texture": "#sign" },
				"up": { "uv": [ 8, 13, 10, 12 ], "texture": "#sign" },
				"north": { "uv": [ 10, 11, 8, 12 ], "texture": "#sign" },
				"south": { "uv": [ 8, 10, 10, 11 ], "texture": "#sign" },
				"west": { "uv": [ 11, 11, 12, 12 ], "texture": "#sign" },
				"east": { "uv": [ 12, 10, 11, 11 ], "texture": "#sign" }
			}
		},
		{
			"__comment": "Voxels",
			"from": [ 9, 11, 10 ],
			"to": [ 11, 11.25, 11 ],
			"faces": {
				"down": { "uv": [ 2, 11, 4, 12 ], "texture": "#sign" },
				"up": { "uv": [ 0, 11, 2, 10 ], "texture": "#sign" },
				"north": { "uv": [ 4, 10, 2, 11 ], "texture": "#sign" },
				"south": { "uv": [ 0, 9, 2, 10 ], "texture": "#sign" },
				"west": { "uv": [ 11, 8, 12, 9 ], "texture": "#sign" },
				"east": { "uv": [ 13, 12, 12, 13 ], "texture": "#sign" }
			}
		},
		{
			"__comment": "Voxels",
			"from": [ 10, 11, 11 ],
			"to": [ 12, 11.25, 12 ],
			"faces": {
				"down": { "uv": [ 0, 8, 2, 9 ], "texture": "#sign" },
				"up": { "uv": [ 4, 14, 6, 13 ], "texture": "#sign" },
				"north": { "uv": [ 6, 12, 4, 13 ], "texture": "#sign" },
				"south": { "uv": [ 6, 15, 8, 16 ], "texture": "#sign" },
				"west": { "uv": [ 13, 12, 14, 13 ], "texture": "#sign" },
				"east": { "uv": [ 12, 9, 11, 10 ], "texture": "#sign" }
			}
		},
		{
			"__comment": "Voxels",
			"from": [ 11, 11, 12 ],
			"to": [ 13, 11.25, 13 ],
			"faces": {
				"down": { "uv": [ 6, 13, 8, 14 ], "texture": "#sign" },
				"up": { "uv": [ 6, 10, 8, 9 ], "texture": "#sign" },
				"north": { "uv": [ 8, 8, 6, 9 ], "texture": "#sign" },
				"south": { "uv": [ 8, 14, 10, 15 ], "texture": "#sign" },
				"west": { "uv": [ 14, 12, 15, 13 ], "texture": "#sign" },
				"east": { "uv": [ 16, 12, 15, 13 ], "texture": "#sign" }
			}
		},
		{
			"__comment": "Voxels",
			"from": [ 12, 11, 13 ],
			"to": [ 14, 11.25, 14 ],
			"faces": {
				"down": { "uv": [ 10, 14, 12, 15 ], "texture": "#sign" },
				"up": { "uv": [ 12, 15, 14, 14 ], "texture": "#sign" },
				"north": { "uv": [ 8, 14, 6, 15 ], "texture": "#sign" },
				"south": { "uv": [ 14, 14, 16, 15 ], "texture": "#sign" },
				"west": { "uv": [ 12, 11, 13, 12 ], "texture": "#sign" },
				"east": { "uv": [ 14, 11, 13, 12 ], "texture": "#sign" }
			}
		},
		{
			"__comment": "Voxels",
			"from": [ 13, 11, 2 ],
			"to": [ 14, 11.25, 3 ],
			"faces": {
				"down": { "uv": [ 14, 11, 15, 12 ], "texture": "#sign" },
				"up": { "uv": [ 15, 12, 16, 11 ], "texture": "#sign" },
				"north": { "uv": [ 13, 10, 12, 11 ], "texture": "#sign" },
				"south": { "uv": [ 12, 9, 13, 10 ], "texture": "#sign" },
				"west": { "uv": [ 12, 8, 13, 9 ], "texture": "#sign" },
				"east": { "uv": [ 14, 10, 13, 11 ], "texture": "#sign" }
			}
		},
		{
			"__comment": "Voxels",
			"from": [ 7, 11, 12 ],
			"to": [ 9, 11.25, 13 ],
			"faces": {
				"down": { "uv": [ 8, 13, 10, 14 ], "texture": "#sign" },
				"up": { "uv": [ 8, 13, 10, 12 ], "texture": "#sign" },
				"north": { "uv": [ 10, 11, 8, 12 ], "texture": "#sign" },
				"south": { "uv": [ 8, 10, 10, 11 ], "texture": "#sign" },
				"west": { "uv": [ 11, 11, 12, 12 ], "texture": "#sign" },
				"east": { "uv": [ 12, 10, 11, 11 ], "texture": "#sign" }
			}
		},
		{
			"__comment": "Voxels",
			"from": [ 6, 11, 13 ],
			"to": [ 10, 11.25, 14 ],
			"faces": {
				"down": { "uv": [ 0, 13, 4, 14 ], "texture": "#sign" },
				"up": { "uv": [ 0, 13, 4, 12 ], "texture": "#sign" },
				"north": { "uv": [ 4, 15, 0, 16 ], "texture": "#sign" },
				"south": { "uv": [ 0, 14, 4, 15 ], "texture": "#sign" },
				"west": { "uv": [ 10, 8, 11, 9 ], "texture": "#sign" },
				"east": { "uv": [ 12, 12, 11, 13 ], "texture": "#sign" }
			}
		},
		{
			"__comment": "Voxels",
			"from": [ 7, 11, 4 ],
			"to": [ 9, 11.25, 5 ],
			"faces": {
				"down": { "uv": [ 8, 13, 10, 14 ], "texture": "#sign" },
				"up": { "uv": [ 8, 13, 10, 12 ], "texture": "#sign" },
				"north": { "uv": [ 10, 11, 8, 12 ], "texture": "#sign" },
				"south": { "uv": [ 8, 10, 10, 11 ], "texture": "#sign" },
				"west": { "uv": [ 11, 11, 12, 12 ], "texture": "#sign" },
				"east": { "uv": [ 12, 10, 11, 11 ], "texture": "#sign" }
			}
		},
		{
			"__comment": "Voxels",
			"from": [ 6, 11, 5 ],
			"to": [ 10, 11.25, 6 ],
			"faces": {
				"down": { "uv": [ 0, 13, 4, 14 ], "texture": "#sign" },
				"up": { "uv": [ 0, 13, 4, 12 ], "texture": "#sign" },
				"north": { "uv": [ 4, 15, 0, 16 ], "texture": "#sign" },
				"south": { "uv": [ 0, 14, 4, 15 ], "texture": "#sign" },
				"west": { "uv": [ 10, 8, 11, 9 ], "texture": "#sign" },
				"east": { "uv": [ 12, 12, 11, 13 ], "texture": "#sign" }
			}
		},
		{
			"__comment": "Voxels",
			"from": [ 9, 11, 6 ],
			"to": [ 11, 11.25, 7 ],
			"faces": {
				"down": { "uv": [ 2, 11, 4, 12 ], "texture": "#sign" },
				"up": { "uv": [ 0, 11, 2, 10 ], "texture": "#sign" },
				"north": { "uv": [ 4, 10, 2, 11 ], "texture": "#sign" },
				"south": { "uv": [ 0, 9, 2, 10 ], "texture": "#sign" },
				"west": { "uv": [ 11, 8, 12, 9 ], "texture": "#sign" },
				"east": { "uv": [ 13, 12, 12, 13 ], "texture": "#sign" }
			}
		},
		{
			"__comment": "Voxels",
			"from": [ 10, 11, 7 ],
			"to": [ 12, 11.25, 8 ],
			"faces": {
				"down": { "uv": [ 0, 8, 2, 9 ], "texture": "#sign" },
				"up": { "uv": [ 4, 14, 6, 13 ], "texture": "#sign" },
				"north": { "uv": [ 6, 12, 4, 13 ], "texture": "#sign" },
				"south": { "uv": [ 6, 15, 8, 16 ], "texture": "#sign" },
				"west": { "uv": [ 13, 12, 14, 13 ], "texture": "#sign" },
				"east": { "uv": [ 12, 9, 11, 10 ], "texture": "#sign" }
			}
		},
		{
			"__comment": "Voxels",
			"from": [ 11, 11, 8 ],
			"to": [ 13, 11.25, 9 ],
			"faces": {
				"down": { "uv": [ 6, 13, 8, 14 ], "texture": "#sign" },
				"up": { "uv": [ 6, 10, 8, 9 ], "texture": "#sign" },
				"north": { "uv": [ 8, 8, 6, 9 ], "texture": "#sign" },
				"south": { "uv": [ 8, 14, 10, 15 ], "texture": "#sign" },
				"west": { "uv": [ 14, 12, 15, 13 ], "texture": "#sign" },
				"east": { "uv": [ 16, 12, 15, 13 ], "texture": "#sign" }
			}
		},
		{
			"__comment": "Voxels",
			"from": [ 12, 11, 9 ],
			"to": [ 14, 11.25, 10 ],
			"faces": {
				"down": { "uv": [ 10, 14, 12, 15 ], "texture": "#sign" },
				"up": { "uv": [ 12, 15, 14, 14 ], "texture": "#sign" },
				"north": { "uv": [ 8, 14, 6, 15 ], "texture": "#sign" },
				"south": { "uv": [ 14, 14, 16, 15 ], "texture": "#sign" },
				"west": { "uv": [ 12, 11, 13, 12 ], "texture": "#sign" },
				"east": { "uv": [ 14, 11, 13, 12 ], "texture": "#sign" }
			}
		},
		{
			"__comment": "Voxels",
			"from": [ 5, 11, 6 ],
			"to": [ 7, 11.25, 7 ],
			"faces": {
				"down": { "uv": [ 8, 15, 10, 16 ], "texture": "#sign" },
				"up": { "uv": [ 10, 16, 12, 15 ], "texture": "#sign" },
				"north": { "uv": [ 14, 15, 12, 16 ], "texture": "#sign" },
				"south": { "uv": [ 14, 15, 16, 16 ], "texture": "#sign" },
				"west": { "uv": [ 10, 10, 11, 11 ], "texture": "#sign" },
				"east": { "uv": [ 11, 9, 10, 10 ], "texture": "#sign" }
			}
		},
		{
			"__comment": "Voxels",
			"from": [ 4, 11, 7 ],
			"to": [ 6, 11.25, 8 ],
			"faces": {
				"down": { "uv": [ 4, 14, 6, 15 ], "texture": "#sign" },
				"up": { "uv": [ 6, 13, 8, 12 ], "texture": "#sign" },
				"north": { "uv": [ 8, 11, 6, 12 ], "texture": "#sign" },
				"south": { "uv": [ 6, 10, 8, 11 ], "texture": "#sign" },
				"west": { "uv": [ 10, 12, 11, 13 ], "texture": "#sign" },
				"east": { "uv": [ 11, 11, 10, 12 ], "texture": "#sign" }
			}
		},
		{
			"__comment": "Voxels",
			"from": [ 3, 11, 8 ],
			"to": [ 5, 11.25, 9 ],
			"faces": {
				"down": { "uv": [ 4, 11, 6, 12 ], "texture": "#sign" },
				"up": { "uv": [ 4, 11, 6, 10 ], "texture": "#sign" },
				"north": { "uv": [ 6, 9, 4, 10 ], "texture": "#sign" },
				"south": { "uv": [ 4, 8, 6, 9 ], "texture": "#sign" },
				"west": { "uv": [ 13, 13, 14, 14 ], "texture": "#sign" },
				"east": { "uv": [ 15, 13, 14, 14 ], "texture": "#sign" }
			}
		},
		{
			"__comment": "Voxels",
			"from": [ 2, 11, 9 ],
			"to": [ 4, 11.25, 10 ],
			"faces": {
				"down": { "uv": [ 2, 9, 4, 10 ], "texture": "#sign" },
				"up": { "uv": [ 2, 9, 4, 8 ], "texture": "#sign" },
				"north": { "uv": [ 6, 15, 4, 16 ], "texture": "#sign" },
				"south": { "uv": [ 0, 11, 2, 12 ], "texture": "#sign" },
				"west": { "uv": [ 11, 13, 12, 14 ], "texture": "#sign" },
				"east": { "uv": [ 13, 13, 12, 14 ], "texture": "#sign" }
			}
		},
		{
			"__comment": "Voxels",
			"from": [ 9, 11, 2 ],
			"to": [ 11, 11.25, 3 ],
			"faces": {
				"down": { "uv": [ 2, 11, 4, 12 ], "texture": "#sign" },
				"up": { "uv": [ 0, 11, 2, 10 ], "texture": "#sign" },
				"north": { "uv": [ 4, 10, 2, 11 ], "texture": "#sign" },
				"south": { "uv": [ 0, 9, 2, 10 ], "texture": "#sign" },
				"west": { "uv": [ 11, 8, 12, 9 ], "texture": "#sign" },
				"east": { "uv": [ 13, 12, 12, 13 ], "texture": "#sign" }
			}
		},
		{
			"__comment": "Voxels",
			"from": [ 10, 11, 3 ],
			"to": [ 12, 11.25, 4 ],
			"faces": {
				"down": { "uv": [ 0, 8, 2, 9 ], "texture": "#sign" },
				"up": { "uv": [ 4, 14, 6, 13 ], "texture": "#sign" },
				"north": { "uv": [ 6, 12, 4, 13 ], "texture": "#sign" },
				"south": { "uv": [ 6, 15, 8, 16 ], "texture": "#sign" },
				"west": { "uv": [ 13, 12, 14, 13 ], "texture": "#sign" },
				"east": { "uv": [ 12, 9, 11, 10 ], "texture": "#sign" }
			}
		},
		{
			"__comment": "Voxels",
			"from": [ 11, 11, 4 ],
			"to": [ 13, 11.25, 5 ],
			"faces": {
				"down": { "uv": [ 6, 13, 8, 14 ], "texture": "#sign" },
				"up": { "uv": [ 6, 10, 8, 9 ], "texture": "#sign" },
				"north": { "uv": [ 8, 8, 6, 9 ], "texture": "#sign" },
				"south": { "uv": [ 8, 14, 10, 15 ], "texture": "#sign" },
				"west": { "uv": [ 14, 12, 15, 13 ], "texture": "#sign" },
				"east": { "uv": [ 16, 12, 15, 13 ], "texture": "#sign" }
			}
		},
		{
			"__comment": "Voxels",
			"from": [ 12, 11, 5 ],
			"to": [ 14, 11.25, 6 ],
			"faces": {
				"down": { "uv": [ 10, 14, 12, 15 ], "texture": "#sign" },
				"up": { "uv": [ 12, 15, 14, 14 ], "texture": "#sign" },
				"north": { "uv": [ 8, 14, 6, 15 ], "texture": "#sign" },
				"south": { "uv": [ 14, 14, 16, 15 ], "texture": "#sign" },
				"west": { "uv": [ 12, 11, 13, 12 ], "texture": "#sign" },
				"east": { "uv": [ 14, 11, 13, 12 ], "texture": "#sign" }
			}
		},
		{
			"__comment": "Voxels",
			"from": [ 5, 11, 2 ],
			"to": [ 7, 11.25, 3 ],
			"faces": {
				"down": { "uv": [ 8, 15, 10, 16 ], "texture": "#sign" },
				"up": { "uv": [ 10, 16, 12, 15 ], "texture": "#sign" },
				"north": { "uv": [ 14, 15, 12, 16 ], "texture": "#sign" },
				"south": { "uv": [ 14, 15, 16, 16 ], "texture": "#sign" },
				"west": { "uv": [ 10, 10, 11, 11 ], "texture": "#sign" },
				"east": { "uv": [ 11, 9, 10, 10 ], "texture": "#sign" }
			}
		},
		{
			"__comment": "Voxels",
			"from": [ 4, 11, 3 ],
			"to": [ 6, 11.25, 4 ],
			"faces": {
				"down": { "uv": [ 4, 14, 6, 15 ], "texture": "#sign" },
				"up": { "uv": [ 6, 13, 8, 12 ], "texture": "#sign" },
				"north": { "uv": [ 8, 11, 6, 12 ], "texture": "#sign" },
				"south": { "uv": [ 6, 10, 8, 11 ], "texture": "#sign" },
				"west": { "uv": [ 10, 12, 11, 13 ], "texture": "#sign" },
				"east": { "uv": [ 11, 11, 10, 12 ], "texture": "#sign" }
			}
		},
		{
			"__comment": "Voxels",
			"from": [ 3, 11, 4 ],
			"to": [ 5, 11.25, 5 ],
			"faces": {
				"down": { "uv": [ 4, 11, 6, 12 ], "texture": "#sign" },
				"up": { "uv": [ 4, 11, 6, 10 ], "texture": "#sign" },
				"north": { "uv": [ 6, 9, 4, 10 ], "texture": "#sign" },
				"south": { "uv": [ 4, 8, 6, 9 ], "texture": "#sign" },
				"west": { "uv": [ 13, 13, 14, 14 ], "texture": "#sign" },
				"east": { "uv": [ 15, 13, 14, 14 ], "texture": "#sign" }
			}
		},
		{
			"__comment": "Voxels",
			"from": [ 2, 11, 5 ],
			"to": [ 4, 11.25, 6 ],
			"faces": {
				"down": { "uv": [ 2, 9, 4, 10 ], "texture": "#sign" },
				"up": { "uv": [ 2, 9, 4, 8 ], "texture": "#sign" },
				"north": { "uv": [ 6, 15, 4, 16 ], "texture": "#sign" },
				"south": { "uv": [ 0, 11, 2, 12 ], "texture": "#sign" },
				"west": { "uv": [ 11, 13, 12, 14 ], "texture": "#sign" },
				"east": { "uv": [ 13, 13, 12, 14 ], "texture": "#sign" }
			}
		},
		{
			"__comment": "Voxels",
			"from": [ 15.75, 14, 2 ],
			"to": [ 16, 15, 3 ],
			"faces": {
				"down": { "uv": [ 6, 10, 7, 11 ], "texture": "#sign" },
				"up": { "uv": [ 7, 11, 8, 10 ], "texture": "#sign" },
				"north": { "uv": [ 9, 10, 8, 11 ], "texture": "#sign" },
				"south": { "uv": [ 9, 10, 10, 11 ], "texture": "#sign" },
				"west": { "uv": [ 10, 10, 11, 11 ], "texture": "#sign" },
				"east": { "uv": [ 12, 10, 11, 11 ], "texture": "#sign" }
			}
		},
		{
			"__comment": "Voxels",
			"from": [ 15.75, 11, 1 ],
			"to": [ 16, 15, 2 ],
			"faces": {
				"down": { "uv": [ 6, 11, 7, 12 ], "texture": "#sign" },
				"up": { "uv": [ 7, 12, 8, 11 ], "texture": "#sign" },
				"north": { "uv": [ 1, 4, 0, 8 ], "texture": "#sign" },
				"south": { "uv": [ 0, 0, 1, 4 ], "texture": "#sign" },
				"west": { "uv": [ 1, 12, 2, 16 ], "texture": "#sign" },
				"east": { "uv": [ 2, 8, 1, 12 ], "texture": "#sign" }
			}
		},
		{
			"__comment": "Voxels",
			"from": [ 15.75, 12, 0 ],
			"to": [ 16, 14, 1 ],
			"faces": {
				"down": { "uv": [ 4, 11, 5, 12 ], "texture": "#sign" },
				"up": { "uv": [ 5, 12, 6, 11 ], "texture": "#sign" },
				"north": { "uv": [ 8, 14, 7, 16 ], "texture": "#sign" },
				"south": { "uv": [ 7, 12, 8, 14 ], "texture": "#sign" },
				"west": { "uv": [ 8, 14, 9, 16 ], "texture": "#sign" },
				"east": { "uv": [ 9, 12, 8, 14 ], "texture": "#sign" }
			}
		},
		{
			"__comment": "Voxels",
			"from": [ 15.75, 11, 2 ],
			"to": [ 16, 12, 3 ],
			"faces": {
				"down": { "uv": [ 8, 11, 9, 12 ], "texture": "#sign" },
				"up": { "uv": [ 9, 12, 10, 11 ], "texture": "#sign" },
				"north": { "uv": [ 13, 11, 12, 12 ], "texture": "#sign" },
				"south": { "uv": [ 13, 11, 14, 12 ], "texture": "#sign" },
				"west": { "uv": [ 14, 11, 15, 12 ], "texture": "#sign" },
				"east": { "uv": [ 16, 11, 15, 12 ], "texture": "#sign" }
			}
		},
		{
			"__comment": "Voxels",
			"from": [ 15.75, 12, 4 ],
			"to": [ 16, 14, 5 ],
			"faces": {
				"down": { "uv": [ 10, 11, 11, 12 ], "texture": "#sign" },
				"up": { "uv": [ 11, 12, 12, 11 ], "texture": "#sign" },
				"north": { "uv": [ 10, 14, 9, 16 ], "texture": "#sign" },
				"south": { "uv": [ 9, 12, 10, 14 ], "texture": "#sign" },
				"west": { "uv": [ 10, 14, 11, 16 ], "texture": "#sign" },
				"east": { "uv": [ 11, 12, 10, 14 ], "texture": "#sign" }
			}
		},
		{
			"__comment": "Voxels",
			"from": [ 15.75, 11, 5 ],
			"to": [ 16, 15, 6 ],
			"faces": {
				"down": { "uv": [ 4, 8, 5, 9 ], "texture": "#sign" },
				"up": { "uv": [ 4, 8, 5, 7 ], "texture": "#sign" },
				"north": { "uv": [ 6, 12, 5, 16 ], "texture": "#sign" },
				"south": { "uv": [ 6, 12, 7, 16 ], "texture": "#sign" },
				"west": { "uv": [ 0, 12, 1, 16 ], "texture": "#sign" },
				"east": { "uv": [ 1, 8, 0, 12 ], "texture": "#sign" }
			}
		},
		{
			"__comment": "Voxels",
			"from": [ 15.75, 14, 6 ],
			"to": [ 16, 15, 7 ],
			"faces": {
				"down": { "uv": [ 12, 10, 13, 11 ], "texture": "#sign" },
				"up": { "uv": [ 13, 11, 14, 10 ], "texture": "#sign" },
				"north": { "uv": [ 15, 10, 14, 11 ], "texture": "#sign" },
				"south": { "uv": [ 15, 10, 16, 11 ], "texture": "#sign" },
				"west": { "uv": [ 5, 9, 6, 10 ], "texture": "#sign" },
				"east": { "uv": [ 6, 8, 5, 9 ], "texture": "#sign" }
			}
		},
		{
			"__comment": "Voxels",
			"from": [ 15.75, 11, 6 ],
			"to": [ 16, 12, 7 ],
			"faces": {
				"down": { "uv": [ 4, 6, 5, 7 ], "texture": "#sign" },
				"up": { "uv": [ 4, 6, 5, 5 ], "texture": "#sign" },
				"north": { "uv": [ 5, 2, 4, 3 ], "texture": "#sign" },
				"south": { "uv": [ 4, 1, 5, 2 ], "texture": "#sign" },
				"west": { "uv": [ 4, 0, 5, 1 ], "texture": "#sign" },
				"east": { "uv": [ 6, 10, 5, 11 ], "texture": "#sign" }
			}
		},
		{
			"__comment": "Voxels",
			"from": [ 15.75, 12, 8 ],
			"to": [ 16, 14, 9 ],
			"faces": {
				"down": { "uv": [ 4, 10, 5, 11 ], "texture": "#sign" },
				"up": { "uv": [ 4, 10, 5, 9 ], "texture": "#sign" },
				"north": { "uv": [ 12, 14, 11, 16 ], "texture": "#sign" },
				"south": { "uv": [ 11, 12, 12, 14 ], "texture": "#sign" },
				"west": { "uv": [ 12, 14, 13, 16 ], "texture": "#sign" },
				"east": { "uv": [ 13, 12, 12, 14 ], "texture": "#sign" }
			}
		},
		{
			"__comment": "Voxels",
			"from": [ 15.75, 11, 9 ],
			"to": [ 16, 15, 10 ],
			"faces": {
				"down": { "uv": [ 14, 13, 15, 14 ], "texture": "#sign" },
				"up": { "uv": [ 15, 14, 16, 13 ], "texture": "#sign" },
				"north": { "uv": [ 2, 4, 1, 8 ], "texture": "#sign" },
				"south": { "uv": [ 1, 0, 2, 4 ], "texture": "#sign" },
				"west": { "uv": [ 2, 12, 3, 16 ], "texture": "#sign" },
				"east": { "uv": [ 3, 8, 2, 12 ], "texture": "#sign" }
			}
		},
		{
			"__comment": "Voxels",
			"from": [ 15.75, 14, 10 ],
			"to": [ 16, 15, 11 ],
			"faces": {
				"down": { "uv": [ 5, 7, 6, 8 ], "texture": "#sign" },
				"up": { "uv": [ 5, 7, 6, 6 ], "texture": "#sign" },
				"north": { "uv": [ 6, 5, 5, 6 ], "texture": "#sign" },
				"south": { "uv": [ 5, 4, 6, 5 ], "texture": "#sign" },
				"west": { "uv": [ 5, 3, 6, 4 ], "texture": "#sign" },
				"east": { "uv": [ 6, 2, 5, 3 ], "texture": "#sign" }
			}
		},
		{
			"__comment": "Voxels",
			"from": [ 15.75, 11, 10 ],
			"to": [ 16, 12, 11 ],
			"faces": {
				"down": { "uv": [ 14, 12, 15, 13 ], "texture": "#sign" },
				"up": { "uv": [ 15, 13, 16, 12 ], "texture": "#sign" },
				"north": { "uv": [ 4, 11, 3, 12 ], "texture": "#sign" },
				"south": { "uv": [ 3, 10, 4, 11 ], "texture": "#sign" },
				"west": { "uv": [ 3, 9, 4, 10 ], "texture": "#sign" },
				"east": { "uv": [ 4, 8, 3, 9 ], "texture": "#sign" }
			}
		},
		{
			"__comment": "Voxels",
			"from": [ 15.75, 12, 12 ],
			"to": [ 16, 14, 13 ],
			"faces": {
				"down": { "uv": [ 4, 4, 5, 5 ], "texture": "#sign" },
				"up": { "uv": [ 4, 4, 5, 3 ], "texture": "#sign" },
				"north": { "uv": [ 14, 14, 13, 16 ], "texture": "#sign" },
				"south": { "uv": [ 14, 14, 15, 16 ], "texture": "#sign" },
				"west": { "uv": [ 15, 14, 16, 16 ], "texture": "#sign" },
				"east": { "uv": [ 14, 12, 13, 14 ], "texture": "#sign" }
			}
		},
		{
			"__comment": "Voxels",
			"from": [ 15.75, 11, 13 ],
			"to": [ 16, 15, 14 ],
			"faces": {
				"down": { "uv": [ 3, 7, 4, 8 ], "texture": "#sign" },
				"up": { "uv": [ 3, 7, 4, 6 ], "texture": "#sign" },
				"north": { "uv": [ 3, 4, 2, 8 ], "texture": "#sign" },
				"south": { "uv": [ 2, 0, 3, 4 ], "texture": "#sign" },
				"west": { "uv": [ 3, 12, 4, 16 ], "texture": "#sign" },
				"east": { "uv": [ 5, 12, 4, 16 ], "texture": "#sign" }
			}
		},
		{
			"__comment": "Voxels",
			"from": [ 15.75, 14, 14 ],
			"to": [ 16, 15, 15 ],
			"faces": {
				"down": { "uv": [ 5, 1, 6, 2 ], "texture": "#sign" },
				"up": { "uv": [ 5, 1, 6, 0 ], "texture": "#sign" },
				"north": { "uv": [ 7, 9, 6, 10 ], "texture": "#sign" },
				"south": { "uv": [ 7, 9, 8, 10 ], "texture": "#sign" },
				"west": { "uv": [ 8, 9, 9, 10 ], "texture": "#sign" },
				"east": { "uv": [ 10, 9, 9, 10 ], "texture": "#sign" }
			}
		},
		{
			"__comment": "Voxels",
			"from": [ 15.75, 11, 14 ],
			"to": [ 16, 12, 15 ],
			"faces": {
				"down": { "uv": [ 3, 5, 4, 6 ], "texture": "#sign" },
				"up": { "uv": [ 3, 5, 4, 4 ], "texture": "#sign" },
				"north": { "uv": [ 4, 3, 3, 4 ], "texture": "#sign" },
				"south": { "uv": [ 3, 2, 4, 3 ], "texture": "#sign" },
				"west": { "uv": [ 3, 1, 4, 2 ], "texture": "#sign" },
				"east": { "uv": [ 4, 0, 3, 1 ], "texture": "#sign" }
			}
		},
		{
			"__comment": "Voxels",
			"from": [ 3.75, 6, 6 ],
			"to": [ 4, 8, 7 ],
			"faces": {
				"down": { "uv": [ 4, 10, 5, 11 ], "texture": "#sign" },
				"up": { "uv": [ 4, 10, 5, 9 ], "texture": "#sign" },
				"north": { "uv": [ 12, 14, 11, 16 ], "texture": "#sign" },
				"south": { "uv": [ 11, 12, 12, 14 ], "texture": "#sign" },
				"west": { "uv": [ 12, 14, 13, 16 ], "texture": "#sign" },
				"east": { "uv": [ 13, 12, 12, 14 ], "texture": "#sign" }
			}
		},
		{
			"__comment": "Voxels",
			"from": [ 3.75, 5, 7 ],
			"to": [ 4, 9, 8 ],
			"faces": {
				"down": { "uv": [ 14, 13, 15, 14 ], "texture": "#sign" },
				"up": { "uv": [ 15, 14, 16, 13 ], "texture": "#sign" },
				"north": { "uv": [ 2, 4, 1, 8 ], "texture": "#sign" },
				"south": { "uv": [ 1, 0, 2, 4 ], "texture": "#sign" },
				"west": { "uv": [ 2, 12, 3, 16 ], "texture": "#sign" },
				"east": { "uv": [ 3, 8, 2, 12 ], "texture": "#sign" }
			}
		},
		{
			"__comment": "Voxels",
			"from": [ 3.75, 8, 8 ],
			"to": [ 4, 9, 9 ],
			"faces": {
				"down": { "uv": [ 5, 7, 6, 8 ], "texture": "#sign" },
				"up": { "uv": [ 5, 7, 6, 6 ], "texture": "#sign" },
				"north": { "uv": [ 6, 5, 5, 6 ], "texture": "#sign" },
				"south": { "uv": [ 5, 4, 6, 5 ], "texture": "#sign" },
				"west": { "uv": [ 5, 3, 6, 4 ], "texture": "#sign" },
				"east": { "uv": [ 6, 2, 5, 3 ], "texture": "#sign" }
			}
		},
		{
			"__comment": "Voxels",
			"from": [ 3.75, 5, 8 ],
			"to": [ 4, 6, 9 ],
			"faces": {
				"down": { "uv": [ 14, 12, 15, 13 ], "texture": "#sign" },
				"up": { "uv": [ 15, 13, 16, 12 ], "texture": "#sign" },
				"north": { "uv": [ 4, 11, 3, 12 ], "texture": "#sign" },
				"south": { "uv": [ 3, 10, 4, 11 ], "texture": "#sign" },
				"west": { "uv": [ 3, 9, 4, 10 ], "texture": "#sign" },
				"east": { "uv": [ 4, 8, 3, 9 ], "texture": "#sign" }
			}
		},
		{
			"__comment": "Voxels",
			"from": [ 12, 6, 6 ],
			"to": [ 12.25, 8, 7 ],
			"faces": {
				"down": { "uv": [ 4, 10, 5, 11 ], "texture": "#sign" },
				"up": { "uv": [ 4, 10, 5, 9 ], "texture": "#sign" },
				"north": { "uv": [ 12, 14, 11, 16 ], "texture": "#sign" },
				"south": { "uv": [ 11, 12, 12, 14 ], "texture": "#sign" },
				"west": { "uv": [ 12, 14, 13, 16 ], "texture": "#sign" },
				"east": { "uv": [ 13, 12, 12, 14 ], "texture": "#sign" }
			}
		},
		{
			"__comment": "Voxels",
			"from": [ 12, 5, 7 ],
			"to": [ 12.25, 9, 8 ],
			"faces": {
				"down": { "uv": [ 14, 13, 15, 14 ], "texture": "#sign" },
				"up": { "uv": [ 15, 14, 16, 13 ], "texture": "#sign" },
				"north": { "uv": [ 2, 4, 1, 8 ], "texture": "#sign" },
				"south": { "uv": [ 1, 0, 2, 4 ], "texture": "#sign" },
				"west": { "uv": [ 2, 12, 3, 16 ], "texture": "#sign" },
				"east": { "uv": [ 3, 8, 2, 12 ], "texture": "#sign" }
			}
		},
		{
			"__comment": "Voxels",
			"from": [ 12, 8, 8 ],
			"to": [ 12.25, 9, 9 ],
			"faces": {
				"down": { "uv": [ 5, 7, 6, 8 ], "texture": "#sign" },
				"up": { "uv": [ 5, 7, 6, 6 ], "texture": "#sign" },
				"north": { "uv": [ 6, 5, 5, 6 ], "texture": "#sign" },
				"south": { "uv": [ 5, 4, 6, 5 ], "texture": "#sign" },
				"west": { "uv": [ 5, 3, 6, 4 ], "texture": "#sign" },
				"east": { "uv": [ 6, 2, 5, 3 ], "texture": "#sign" }
			}
		},
		{
			"__comment": "Voxels",
			"from": [ 12, 5, 8 ],
			"to": [ 12.25, 6, 9 ],
			"faces": {
				"down": { "uv": [ 14, 12, 15, 13 ], "texture": "#sign" },
				"up": { "uv": [ 15, 13, 16, 12 ], "texture": "#sign" },
				"north": { "uv": [ 4, 11, 3, 12 ], "texture": "#sign" },
				"south": { "uv": [ 3, 10, 4, 11 ], "texture": "#sign" },
				"west": { "uv": [ 3, 9, 4, 10 ], "texture": "#sign" },
				"east": { "uv": [ 4, 8, 3, 9 ], "texture": "#sign" }
			}
		},
		{
			"__comment": "Voxels",
			"from": [ 1, 9.75, 12 ],
			"to": [ 15, 10, 14 ],
			"faces": {
				"down": { "uv": [ 0, 12, 14, 14 ], "texture": "#sign" },
				"up": { "uv": [ 0, 16, 14, 14 ], "texture": "#sign" },
				"north": { "uv": [ 14, 12, 0, 11 ], "texture": "#sign" },
				"south": { "uv": [ 0, 11, 14, 10 ], "texture": "#sign" },
				"west": { "uv": [ 14, 14, 15, 16 ], "texture": "#sign", "rotation": 90 },
				"east": { "uv": [ 16, 14, 15, 16 ], "texture": "#sign", "rotation": 270 }
			}
		},
		{
			"__comment": "Voxels",
			"from": [ 2, 11, 6 ],
			"to": [ 3, 11.25, 7 ],
			"faces": {
				"down": { "uv": [ 15, 13, 16, 14 ], "texture": "#sign" },
				"up": { "uv": [ 8, 10, 9, 9 ], "texture": "#sign" },
				"north": { "uv": [ 10, 9, 9, 10 ], "texture": "#sign" },
				"south": { "uv": [ 8, 8, 9, 9 ], "texture": "#sign" },
				"west": { "uv": [ 9, 8, 10, 9 ], "texture": "#sign" },
				"east": { "uv": [ 11, 13, 10, 14 ], "texture": "#sign" }
			}
		},
		{
			"__comment": "Voxels",
			"from": [ 13, 11, 6 ],
			"to": [ 14, 11.25, 7 ],
			"faces": {
				"down": { "uv": [ 14, 11, 15, 12 ], "texture": "#sign" },
				"up": { "uv": [ 15, 12, 16, 11 ], "texture": "#sign" },
				"north": { "uv": [ 13, 10, 12, 11 ], "texture": "#sign" },
				"south": { "uv": [ 12, 9, 13, 10 ], "texture": "#sign" },
				"west": { "uv": [ 12, 8, 13, 9 ], "texture": "#sign" },
				"east": { "uv": [ 14, 10, 13, 11 ], "texture": "#sign" }
			}
		},
		{
			"__comment": "Voxels",
			"from": [ 2, 11, 10 ],
			"to": [ 3, 11.25, 11 ],
			"faces": {
				"down": { "uv": [ 15, 13, 16, 14 ], "texture": "#sign" },
				"up": { "uv": [ 8, 10, 9, 9 ], "texture": "#sign" },
				"north": { "uv": [ 10, 9, 9, 10 ], "texture": "#sign" },
				"south": { "uv": [ 8, 8, 9, 9 ], "texture": "#sign" },
				"west": { "uv": [ 9, 8, 10, 9 ], "texture": "#sign" },
				"east": { "uv": [ 11, 13, 10, 14 ], "texture": "#sign" }
			}
		},
		{
			"__comment": "Voxels",
			"from": [ 13, 11, 10 ],
			"to": [ 14, 11.25, 11 ],
			"faces": {
				"down": { "uv": [ 14, 11, 15, 12 ], "texture": "#sign" },
				"up": { "uv": [ 15, 12, 16, 11 ], "texture": "#sign" },
				"north": { "uv": [ 13, 10, 12, 11 ], "texture": "#sign" },
				"south": { "uv": [ 12, 9, 13, 10 ], "texture": "#sign" },
				"west": { "uv": [ 12, 8, 13, 9 ], "texture": "#sign" },
				"east": { "uv": [ 14, 10, 13, 11 ], "texture": "#sign" }
			}
		}
	]
}