{
    "ambientocclusion": false,
    "textures": {
        "particle": "block/repeater",
        "slab": "block/smooth_stone",
        "top": "block/repeater",
        "unlit": "block/redstone_torch_off",
		"tick": "block/black_concrete_powder",
		"off": "block/light_gray_concrete"
    },
    "elements": [
        {   "from": [ 7, 2, 10 ],
            "to": [ 9, 7, 12 ],
            "faces": {
                "down":  { "uv": [ 7, 13, 9, 15 ], "texture": "#unlit" },
                "up":    { "uv": [ 7,  6, 9,  8 ], "texture": "#unlit" },
                "north": { "uv": [ 7,  6, 9, 11 ], "texture": "#unlit" },
                "south": { "uv": [ 7,  6, 9, 11 ], "texture": "#unlit" },
                "west":  { "uv": [ 7,  6, 9, 11 ], "texture": "#unlit" },
                "east":  { "uv": [ 7,  6, 9, 11 ], "texture": "#unlit" }
            }
        },
        {   "from": [ 7, 2, 2 ],
            "to": [ 9, 7, 4 ],
            "faces": {
                "down":  { "uv": [ 7, 13, 9, 15 ], "texture": "#unlit" },
                "up":    { "uv": [ 7,  6, 9,  8 ], "texture": "#unlit" },
                "north": { "uv": [ 7,  6, 9, 11 ], "texture": "#unlit" },
                "south": { "uv": [ 7,  6, 9, 11 ], "texture": "#unlit" },
                "west":  { "uv": [ 7,  6, 9, 11 ], "texture": "#unlit" },
                "east":  { "uv": [ 7,  6, 9, 11 ], "texture": "#unlit" }
            }
        },
		{
			"__comment": "Element",
			"from": [ 0, 0, 0 ],
			"to": [ 16, 1, 16 ],
			"faces": {
				"down": { "uv": [ 0, 0, 16, 16 ], "texture": "#slab", "cullface": "down" },
				"up": { "uv": [ 0, 0, 16, 16 ], "texture": "#top" },
				"north": { "uv": [ 0, 15, 16, 16 ], "texture": "#slab", "cullface": "north" },
				"south": { "uv": [ 0, 15, 16, 16 ], "texture": "#slab", "cullface": "south" },
				"west": { "uv": [ 0, 15, 16, 16 ], "texture": "#slab", "cullface": "west" },
				"east": { "uv": [ 0, 15, 16, 16 ], "texture": "#slab", "cullface": "east" }
			}
		},
		{
			"__comment": "Element",
			"from": [ 0.25, 1, 6 ],
			"to": [ 15.75, 2, 15 ],
			"faces": {
				"up": { "uv": [ 0.25, 6, 15.75, 15 ], "texture": "#top" },
				"west": { "uv": [ 1, 14, 15, 15 ], "texture": "#slab" },
				"east": { "uv": [ 1, 14, 15, 15 ], "texture": "#slab" }
			}
		},
		{
			"__comment": "Element",
			"from": [ 0, 1, 15 ],
			"to": [ 16, 2, 16 ],
			"faces": {
				"up": { "uv": [ 0, 0, 16, 1 ], "texture": "#top" },
				"north": { "uv": [ 0, 15, 16, 16 ], "texture": "#slab", "cullface": "north" },
				"south": { "uv": [ 0, 15, 16, 16 ], "texture": "#slab", "cullface": "south" },
				"west": { "uv": [ 15, 15, 16, 16 ], "texture": "#slab", "cullface": "west" },
				"east": { "uv": [ 0, 15, 1, 16 ], "texture": "#slab", "cullface": "east" }
			}
		},
		{
			"__comment": "Element",
			"from": [ 0, 1, 0 ],
			"to": [ 16, 2, 6 ],
			"faces": {
				"up": { "uv": [ 0, 0, 16, 6 ], "texture": "#top" },
				"north": { "uv": [ 0, 15, 16, 16 ], "texture": "#slab", "cullface": "north" },
				"south": { "uv": [ 0, 15, 16, 16 ], "texture": "#slab", "cullface": "south" },
				"west": { "uv": [ 0, 14, 6, 15 ], "texture": "#slab", "cullface": "west" },
				"east": { "uv": [ 10, 14, 16, 15 ], "texture": "#slab", "cullface": "east" }
			}
		},
		{
			"__comment": "Box15",
			"from": [ 7, 2, 1 ],
			"to": [ 9, 2.25, 2 ],
			"faces": {
				"up": { "uv": [ 7, 1, 9, 2 ], "texture": "#tick" },
				"north": { "uv": [ 7, 13.75, 9, 14 ], "texture": "#tick" },
				"west": { "uv": [ 1, 13.75, 2, 14 ], "texture": "#tick" },
				"east": { "uv": [ 14, 13.75, 15, 14 ], "texture": "#tick" }
			}
		},
		{
			"__comment": "Box15",
			"from": [ 6, 2, 2 ],
			"to": [ 10, 2.25, 3 ],
			"faces": {
				"up": { "uv": [ 6, 2, 10, 3 ], "texture": "#tick" },
				"north": { "uv": [ 6, 13.75, 10, 14 ], "texture": "#tick" },
				"west": { "uv": [ 2, 13.75, 3, 14 ], "texture": "#tick" },
				"east": { "uv": [ 13, 13.75, 14, 14 ], "texture": "#tick" }
			}
		},
		{
			"__comment": "Box15",
			"from": [ 5, 2, 3 ],
			"to": [ 11, 2.25, 4 ],
			"faces": {
				"up": { "uv": [ 5, 3, 11, 4 ], "texture": "#tick" },
				"north": { "uv": [ 5, 13.75, 11, 14 ], "texture": "#tick" },
				"south": { "uv": [ 5, 13.75, 11, 14 ], "texture": "#tick" },
				"west": { "uv": [ 3, 13.75, 4, 14 ], "texture": "#tick" },
				"east": { "uv": [ 12, 13.75, 13, 14 ], "texture": "#tick" }
			}
		},
		{
			"__comment": "Box15",
			"from": [ 4, 2, 4 ],
			"to": [ 6, 2.25, 5 ],
			"faces": {
				"up": { "uv": [ 4, 4, 6, 5 ], "texture": "#tick" },
				"north": { "uv": [ 10, 13.75, 12, 14 ], "texture": "#tick" },
				"south": { "uv": [ 4, 13.75, 6, 14 ], "texture": "#tick" },
				"west": { "uv": [ 4, 13.75, 5, 14 ], "texture": "#tick" },
				"east": { "uv": [ 11, 13.75, 12, 14 ], "texture": "#tick" }
			}
		},
		{
			"__comment": "Box15",
			"from": [ 10, 2, 4 ],
			"to": [ 12, 2.25, 5 ],
			"faces": {
				"up": { "uv": [ 10, 4, 12, 5 ], "texture": "#tick" },
				"north": { "uv": [ 4, 13.75, 6, 14 ], "texture": "#tick" },
				"south": { "uv": [ 10, 13.75, 12, 14 ], "texture": "#tick" },
				"west": { "uv": [ 4, 13.75, 5, 14 ], "texture": "#tick" },
				"east": { "uv": [ 11, 13.75, 12, 14 ], "texture": "#tick" }
			}
		},
		{
			"__comment": "Box15",
			"from": [ 3, 2, 5 ],
			"to": [ 5, 2.25, 6 ],
			"faces": {
				"up": { "uv": [ 3, 5, 5, 6 ], "texture": "#tick" },
				"north": { "uv": [ 11, 13.75, 13, 14 ], "texture": "#tick" },
				"south": { "uv": [ 3, 13.75, 5, 14 ], "texture": "#tick" },
				"west": { "uv": [ 5, 13.75, 6, 14 ], "texture": "#tick" },
				"east": { "uv": [ 10, 13.75, 11, 14 ], "texture": "#tick" }
			}
		},
		{
			"__comment": "Box15",
			"from": [ 11, 2, 5 ],
			"to": [ 13, 2.25, 6 ],
			"faces": {
				"up": { "uv": [ 11, 5, 13, 6 ], "texture": "#tick" },
				"north": { "uv": [ 3, 13.75, 5, 14 ], "texture": "#tick" },
				"south": { "uv": [ 11, 13.75, 13, 14 ], "texture": "#tick" },
				"west": { "uv": [ 5, 13.75, 6, 14 ], "texture": "#tick" },
				"east": { "uv": [ 10, 13.75, 11, 14 ], "texture": "#tick" }
			}
		},
		{
			"__comment": "1tick",
			"from": [ 0, 1.25, 7 ],
			"to": [ 3, 2.25, 8 ],
			"faces": {
				"down": { "uv": [ 0, 8, 3, 9 ], "texture": "#tick" },
				"up": { "uv": [ 0, 7, 3, 8 ], "texture": "#tick" },
				"north": { "uv": [ 13, 14, 16, 15 ], "texture": "#tick" },
				"south": { "uv": [ 0, 14, 3, 15 ], "texture": "#tick" },
				"west": { "uv": [ 7, 14, 8, 15 ], "texture": "#tick" },
				"east": { "uv": [ 8, 14, 9, 15 ], "texture": "#tick" }
			}
		},
		{
			"__comment": "1tick",
			"from": [ 13, 1.25, 7 ],
			"to": [ 16, 2.25, 8 ],
			"faces": {
				"down": { "uv": [ 0, 8, 3, 9 ], "texture": "#tick" },
				"up": { "uv": [ 0, 7, 3, 8 ], "texture": "#tick" },
				"north": { "uv": [ 13, 14, 16, 15 ], "texture": "#tick" },
				"south": { "uv": [ 0, 14, 3, 15 ], "texture": "#tick" },
				"west": { "uv": [ 7, 14, 8, 15 ], "texture": "#tick" },
				"east": { "uv": [ 8, 14, 9, 15 ], "texture": "#tick" }
			}
		},
		{
			"__comment": "2t",
			"from": [ 0, 1.25, 9 ],
			"to": [ 3, 2.25, 10 ],
			"faces": {
				"down": { "uv": [ 0, 8, 3, 9 ], "texture": "#tick" },
				"up": { "uv": [ 0, 7, 3, 8 ], "texture": "#tick" },
				"north": { "uv": [ 13, 14, 16, 15 ], "texture": "#tick" },
				"south": { "uv": [ 0, 14, 3, 15 ], "texture": "#tick" },
				"west": { "uv": [ 7, 14, 8, 15 ], "texture": "#tick" },
				"east": { "uv": [ 8, 14, 9, 15 ], "texture": "#tick" }
			}
		},
		{
			"__comment": "2t",
			"from": [ 13, 1.25, 9 ],
			"to": [ 16, 2.25, 10 ],
			"faces": {
				"down": { "uv": [ 0, 8, 3, 9 ], "texture": "#tick" },
				"up": { "uv": [ 0, 7, 3, 8 ], "texture": "#tick" },
				"north": { "uv": [ 13, 14, 16, 15 ], "texture": "#tick" },
				"south": { "uv": [ 0, 14, 3, 15 ], "texture": "#tick" },
				"west": { "uv": [ 7, 14, 8, 15 ], "texture": "#tick" },
				"east": { "uv": [ 8, 14, 9, 15 ], "texture": "#tick" }
			}
		},
		{
			"__comment": "3t",
			"from": [ 0, 1.25, 11 ],
			"to": [ 3, 2.25, 12 ],
			"faces": {
				"down": { "uv": [ 0, 8, 3, 9 ], "texture": "#tick" },
				"up": { "uv": [ 0, 7, 3, 8 ], "texture": "#tick" },
				"north": { "uv": [ 13, 14, 16, 15 ], "texture": "#tick" },
				"south": { "uv": [ 0, 14, 3, 15 ], "texture": "#tick" },
				"west": { "uv": [ 7, 14, 8, 15 ], "texture": "#tick" },
				"east": { "uv": [ 8, 14, 9, 15 ], "texture": "#tick" }
			}
		},
		{
			"__comment": "3t",
			"from": [ 13, 1.25, 11 ],
			"to": [ 16, 2.25, 12 ],
			"faces": {
				"down": { "uv": [ 0, 8, 3, 9 ], "texture": "#tick" },
				"up": { "uv": [ 0, 7, 3, 8 ], "texture": "#tick" },
				"north": { "uv": [ 13, 14, 16, 15 ], "texture": "#tick" },
				"south": { "uv": [ 0, 14, 3, 15 ], "texture": "#tick" },
				"west": { "uv": [ 7, 14, 8, 15 ], "texture": "#tick" },
				"east": { "uv": [ 8, 14, 9, 15 ], "texture": "#tick" }
			}
		},
		{
			"__comment": "4t",
			"from": [ 0, 1.25, 13 ],
			"to": [ 3, 2.25, 14 ],
			"faces": {
				"down": { "uv": [ 0, 8, 3, 9 ], "texture": "#off" },
				"up": { "uv": [ 0, 7, 3, 8 ], "texture": "#off" },
				"north": { "uv": [ 13, 14, 16, 15 ], "texture": "#off" },
				"south": { "uv": [ 0, 14, 3, 15 ], "texture": "#off" },
				"west": { "uv": [ 7, 14, 8, 15 ], "texture": "#off" },
				"east": { "uv": [ 8, 14, 9, 15 ], "texture": "#off" }
			}
		},
		{
			"__comment": "4t",
			"from": [ 13, 1.25, 13 ],
			"to": [ 16, 2.25, 14 ],
			"faces": {
				"down": { "uv": [ 0, 8, 3, 9 ], "texture": "#off" },
				"up": { "uv": [ 0, 7, 3, 8 ], "texture": "#off" },
				"north": { "uv": [ 13, 14, 16, 15 ], "texture": "#off" },
				"south": { "uv": [ 0, 14, 3, 15 ], "texture": "#off" },
				"west": { "uv": [ 7, 14, 8, 15 ], "texture": "#off" },
				"east": { "uv": [ 8, 14, 9, 15 ], "texture": "#off" }
			}
		},
		{
			"__comment": "PlaneY22",
			"from": [ 0, 1, 6 ],
			"to": [ 0.001, 2, 15 ],
			"faces": {
				"east": { "uv": [ 1, 15, 0, 6 ], "texture": "#slab", "rotation": 270 }
			}
		},
		{
			"__comment": "PlaneY22",
			"from": [ 16, 1, 6 ],
			"to": [ 16.001, 2, 15 ],
			"faces": {
				"west": { "uv": [ 0, 1, 1, 10 ], "texture": "#slab", "rotation": 90 }
			}
		}
	]
}